Game,Platforms,Year,Genre,Publisher
.hack: Sekai no Mukou ni + Versus,PS3,2012,Action,Namco Bandai Games
[Prototype],PS3,2009,Action,Activision
007: Quantum of Solace,PS3,2008,Action,Activision
2010 FIFA World Cup South Africa,PS3,2010,Sports,Electronic Arts
2014 FIFA World Cup Brazil,PS3,2014,Sports,Electronic Arts
3D Dot Game Heroes,PS3,2009,Role-Playing,SouthPeak Games
3rd Super Robot Wars Z Jigoku Hen,PS3,2014,Role-Playing,Namco Bandai Games
428: Fuusa Sareta Shibuya de,PS3,2009,Adventure,Spike
50 Cent: Blood on the Sand,PS3,2009,Shooter,THQ
A.C.E.: Another Century's Episode R,PS3,2010,Simulation,Namco Bandai Games
AC/DC LIVE: Rock Band Track Pack,PS3,2008,Misc,MTV Games
Accel World: Ginyoku no Kakusei,PS3,2012,Adventure,Namco Bandai Games
Accel World: Kasoku no Chouten,PS3,2013,Adventure,Namco Bandai Games
Ace Combat: Assault Horizon,PS3,2011,Action,Namco Bandai Games
Adventure Time: Explore the Dungeon Because I Don't Know!,PS3,2013,Action,D3Publisher
Afrika,PS3,2008,Adventure,Unknown
Afro Samurai,PS3,2009,Action,Atari
After Hours Athletes,PS3,2011,Sports,Sony Computer Entertainment
Agarest Senki: Re-appearance,PS3,N/A,Role-Playing,Idea Factory
Air Conflicts: Secret Wars,PS3,2011,Simulation,bitComposer Games
Akatsuki no Goei Trinity,PS3,2012,Adventure,5pb
AKB1/149: Love Election,PS3,2013,Adventure,Namco Bandai Games
Akiba's Trip 2,"PS4, PS3",2014,Action,Acquire
Alice: Madness Returns,PS3,2011,Adventure,Electronic Arts
Alien: Isolation,"PS4, PS3",2014,Shooter,Sega
Aliens vs Predator,PS3,2010,Shooter,Sega
Aliens: Colonial Marines,PS3,2013,Shooter,Sega
All-Pro Football 2K8,PS3,2007,Sports,Take-Two Interactive
Alone in the Dark: Inferno,PS3,2008,Adventure,Atari
Alpha Protocol,PS3,2010,Role-Playing,Sega
Anarchy Reigns,PS3,2012,Action,Sega
Angry Birds Trilogy,PS3,2012,Action,Activision
Angry Birds: Star Wars,"PS4, PS3",2013,Strategy,Activision
Apache: Air Assault,PS3,2010,Simulation,Activision
Ape Escape,PS3,2010,Platform,Sony Computer Entertainment
Aquanaut's Holiday: Kakusareta Kiroku,PS3,2008,Adventure,Sony Computer Entertainment
AquaPazza: AquaPlus Dream Match,PS3,2012,Action,Aqua Plus
Ar no Surge,PS3,2014,Role-Playing,Tecmo Koei
Ar tonelico Qoga: Knell of Ar Ciel,PS3,2010,Role-Playing,Tecmo Koei
Arcana Heart 3,PS3,2011,Fighting,PQube
Armored Core 4,PS3,2006,Simulation,505 Games
Armored Core V,PS3,2012,Simulation,Namco Bandai Games
Armored Core: For Answer,PS3,2008,Simulation,Ubisoft
Armored Core: Verdict Day,PS3,2013,Action,From Software
Army of Two,PS3,2008,Shooter,Electronic Arts
Army of Two: The 40th Day,PS3,2010,Shooter,Electronic Arts
Army of Two: The Devil's Cartel,PS3,2013,Shooter,Electronic Arts
Ashes Cricket 2009,PS3,2009,Sports,Codemasters
Assassin's Creed,PS3,2007,Adventure,Ubisoft
Assassin's Creed II,PS3,2009,Action,Ubisoft
Assassin's Creed III,PS3,2012,Action,Ubisoft
Assassin's Creed IV: Black Flag,"PS4, PS3",2013,Action,Ubisoft
Assassin's Creed: Brotherhood,PS3,2010,Action,Ubisoft
Assassin's Creed: Revelations,PS3,2011,Action,Ubisoft
Assassin's Creed: Rogue,PS3,2014,Action,Ubisoft
Assassin's Creed: Unity,PS4,2014,Action,Ubisoft
Asura's Wrath,PS3,2012,Action,Capcom
Atelier Ayesha: The Alchemist of the Land of Twilight,PS3,2012,Action,Tecmo Koei
Atelier Escha & Logy: Alchemist of Dusk Sky,PS3,2013,Role-Playing,Tecmo Koei
Atelier Meruru: Alchemist of Arland 3,PS3,2011,Role-Playing,Nippon Ichi Software
Atelier Rorona: Alchemist of Arland,PS3,2009,Role-Playing,Nippon Ichi Software
Atelier Shallie: Alchemists of the Dusk Sea,PS3,2014,Simulation,Tecmo Koei
Atelier Totori: The Adventurer of Arland,PS3,2010,Role-Playing,Nippon Ichi Software
Attouteki Yuugi: Mugen Souls Z,PS3,2013,Role-Playing,Nippon Ichi Software
Back to the Future: The Game,PS3,2011,Adventure,Telltale Games
Backbreaker,PS3,N/A,Sports,Unknown
Baja: Edge of Control,PS3,2008,Racing,THQ
Bakugan Battle Brawlers: Defenders of the Core,PS3,2010,Action,Activision
Bakugan: Battle Brawlers,PS3,2009,Action,Activision
Band Hero,PS3,2009,Misc,Activision
Batman: Arkham Asylum,PS3,2009,Action,Eidos Interactive
Batman: Arkham City,PS3,2011,Action,Warner Bros. Interactive Entertainment
Batman: Arkham Origins,PS3,2013,Action,Warner Bros. Interactive Entertainment
Battle Princess of Arcadias,PS3,2013,Role-Playing,Nippon Ichi Software
Battle vs. Chess,PS3,N/A,Misc,TopWare Interactive
Battlefield 3,PS3,2011,Shooter,Electronic Arts
Battlefield 4,"PS4, PS3",2013,Shooter,Electronic Arts
Battlefield: Bad Company,PS3,2008,Shooter,Electronic Arts
Battlefield: Bad Company 2,PS3,2010,Shooter,Electronic Arts
Bayonetta,PS3,2009,Action,Sega
Beat Sketch!,PS3,2010,Misc,Sony Computer Entertainment
Beijing 2008,PS3,2008,Sports,Sega
Bejeweled 3,PS3,N/A,Puzzle,Unknown
Ben 10 Galactic Racing,PS3,2011,Racing,D3Publisher
Ben 10 Ultimate Alien: Cosmic Destruction,PS3,2010,Platform,D3Publisher
Beowulf: The Game,PS3,2007,Action,Ubisoft
Beyond: Two Souls,PS3,2013,Adventure,Sony Computer Entertainment
Binary Domain,PS3,2012,Action,Sega
Biohazard: Revival Selection,PS3,2011,Action,Capcom
Bionic Commando,PS3,2009,Platform,Capcom
BioShock,PS3,2008,Shooter,Take-Two Interactive
BioShock 2,PS3,2010,Shooter,Take-Two Interactive
BioShock Infinite,PS3,2013,Shooter,Take-Two Interactive
Birds of Steel,PS3,2012,Simulation,Konami Digital Entertainment
Blacksite: Area 51,PS3,2007,Shooter,Midway Games
Blades of Time,PS3,2012,Action,Konami Digital Entertainment
Bladestorm: The Hundred Years' War,PS3,2007,Action,Tecmo Koei
BlazBlue Chronophantasma,PS3,2013,Fighting,Arc System Works
BlazBlue: Calamity Trigger,PS3,2009,Fighting,PQube
BlazBlue: Continuum Shift,PS3,2010,Fighting,PQube
Blazblue: Continuum Shift Extend,PS3,2011,Fighting,PQube
Blazing Angels 2: Secret Missions of WWII,PS3,2007,Simulation,Ubisoft
Blazing Angels: Squadrons of WWII,PS3,2006,Simulation,Ubisoft
Bleach: Soul Resurreccion,PS3,2011,Fighting,Nippon Ichi Software
Blitz: The League II,PS3,2008,Sports,Midway Games
Blood Drive,PS3,2010,Racing,Activision
Blur,PS3,2010,Racing,Activision
Bodycount,PS3,2011,Shooter,Codemasters
Boku no Natsuyasumi 3: Hokkoku Hen: Chiisana Boku no Dai Sougenâ€‹,PS3,2007,Adventure,Sony Computer Entertainment
Bolt,PS3,2008,Adventure,Disney Interactive Studios
Book of Spells,PS3,2012,Action,Sony Computer Entertainment
Borderlands,PS3,2009,Shooter,Take-Two Interactive
Borderlands 2,PS3,2012,Shooter,Take-Two Interactive
Borderlands: The Pre-Sequel,PS3,2014,Shooter,Take-Two Interactive
Bound By Flame,PS4,2014,Action,Focus Home Interactive
Brink,PS3,2011,Shooter,Bethesda Softworks
Brothers in Arms: Furious 4,PS3,2012,Shooter,Ubisoft
Brothers in Arms: Hell's Highway,PS3,2008,Shooter,Ubisoft
Brunswick Pro Bowling,PS3,2010,Sports,505 Games
Brutal Legend,PS3,2009,Action,Electronic Arts
Bulletstorm,PS3,2011,Shooter,Electronic Arts
Burnout Paradise,PS3,2008,Racing,Electronic Arts
Burnout Paradise: The Ultimate Box,PS3,2009,Racing,Electronic Arts
Buzz! Brain of the UK,PS3,2009,Misc,Sony Computer Entertainment
Buzz! Quiz TV,PS3,2008,Misc,Sony Computer Entertainment
Buzz! Quiz World,PS3,2009,Misc,Sony Computer Entertainment
Buzz! The Ultimate Music Quiz,PS3,2010,Misc,Sony Computer Entertainment
Cabela's Adventure Camp,PS3,2011,Misc,Activision
Cabela's Big Game Hunter 2010,PS3,2009,Sports,Activision Value
Cabela's Big Game Hunter 2012,PS3,2011,Sports,Activision
Cabela's Big Game Hunter: Pro Hunts,PS3,2014,Shooter,Activision
Cabela's Dangerous Hunts 2009,PS3,2008,Sports,Activision Value
Cabela's Dangerous Hunts 2011,PS3,2010,Sports,Activision
Cabela's North American Adventures,PS3,2010,Sports,Activision
Cabela's Outdoor Adventures (2009),PS3,2009,Sports,Activision Value
Cabela's Survival: Shadows of Katmai,PS3,2011,Sports,Activision
Call of Duty 3,PS3,2006,Shooter,Activision
Call of Duty 4: Modern Warfare,PS3,2007,Shooter,Activision
Call of Duty: Advanced Warfare,"PS4, PS3",2014,Shooter,Activision
Call of Duty: Black Ops,PS3,2010,Shooter,Activision
Call of Duty: Black Ops II,PS3,2012,Shooter,Activision
Call of Duty: Ghosts,"PS4, PS3",2013,Shooter,Activision
Call of Duty: Modern Warfare 2,PS3,2009,Shooter,Activision
Call of Duty: Modern Warfare 3,PS3,2011,Shooter,Activision
Call of Duty: World at War,PS3,2008,Shooter,Activision
Call of Juarez: Bound in Blood,PS3,2009,Shooter,Ubisoft
Call of Juarez: The Cartel,PS3,2011,Shooter,Ubisoft
Captain America: Super Soldier,PS3,2011,Action,Sega
Captain Morgane and the Golden Turtle,PS3,2012,Adventure,Reef Entertainment
Carnival Island,PS3,2011,Misc,Sony Computer Entertainment
Cars 2,PS3,2011,Platform,Disney Interactive Studios
Cars: Mater-National Championship,PS3,2007,Racing,THQ
Cars: Race-O-Rama,PS3,2009,Racing,THQ
Cartoon Network: Punch Time Explosion XL,PS3,2011,Fighting,Crave Entertainment
Castlevania: Lords of Shadow,PS3,2010,Action,Konami Digital Entertainment
Castlevania: Lords of Shadow 2,PS3,2014,Action,Konami Digital Entertainment
Catherine,PS3,2011,Adventure,Deep Silver
Champion Jockey: G1 Jockey & Gallop Racer,PS3,2011,Sports,Tecmo Koei
Chaotic: Shadow Warriors,PS3,2009,Action,Activision
Child of Eden,PS3,2011,Shooter,Ubisoft
Child of Light,PS4,2014,Role-Playing,Ubisoft
Chou Jigen Game Neptune Mk-II,PS3,2011,Role-Playing,Compile Heart
Choujikuu Yousai Macross: Do You Remember Love,PS3,2012,Shooter,Namco Bandai Games
Clannad,PS3,2011,Adventure,Prototype
Clash of the Titans: The Videogame,PS3,2010,Action,Namco Bandai Games
Clive Barker's Jericho,PS3,2007,Shooter,Codemasters
Cloudy With a Chance of Meatballs,PS3,2009,Adventure,Ubisoft
College Hoops 2K7,PS3,2007,Sports,Take-Two Interactive
College Hoops 2K8,PS3,2007,Sports,Take-Two Interactive
Command & Conquer: Red Alert 3 Ultimate Edition,PS3,2009,Strategy,Electronic Arts
Conan,PS3,2007,Action,THQ
Condemned 2: Bloodshot,PS3,2008,Shooter,Sega
Conflict: Denied Ops,PS3,2008,Shooter,Eidos Interactive
Create,PS3,2010,Misc,Electronic Arts
Cross Edge,PS3,2008,Role-Playing,Nippon Ichi Software
Crysis 2,PS3,2011,Shooter,Electronic Arts
Crysis 3,PS3,2013,Shooter,Electronic Arts
CSI: Fatal Conspiracy,PS3,2010,Adventure,Ubisoft
CV Casting Voice,PS3,2014,Action,Namco Bandai Games
Dai-2-Ji Super Robot Taisen OG,PS3,2012,Strategy,Namco Bandai Games
Daito Giken Koushiki Pachi-Slot Simulator Hihouden: Taiyou o Motomeru Monotachi,PS3,2013,Misc,Paon Corporation
Damnation,PS3,2009,Shooter,Codemasters
Dance on Broadway,PS3,2011,Misc,Ubisoft
Dance! It's Your Stage,PS3,2011,Misc,DTP Entertainment
DanceDanceRevolution,PS3,2010,Simulation,Konami Digital Entertainment
DanceStar Party,PS3,2011,Misc,Sony Computer Entertainment
Dante's Inferno,PS3,2010,Action,Electronic Arts
Dark Sector,PS3,2008,Shooter,D3Publisher
Dark Souls,PS3,2011,Role-Playing,Namco Bandai Games
Dark Souls II,PS3,2014,Action,Namco Bandai Games
Dark Void,PS3,2010,Action,Capcom
Darksiders II,PS3,2012,Action,THQ
Darkstalkers Resurrection,PS3,2013,Fighting,Capcom
Date A Live: Arusu Install,PS3,2014,Adventure,Compile Heart
Date A Live: Rine Utopia,PS3,2013,Adventure,Compile Heart
DC Universe Online,PS3,2011,Role-Playing,Sony Online Entertainment
de Blob 2,PS3,2011,Platform,THQ
Dead Island,PS3,2011,Action,Deep Silver
Dead Island: Riptide,PS3,2013,Action,Deep Silver
Dead or Alive 5,PS3,2012,Fighting,Tecmo Koei
Dead Rising 2,PS3,2010,Action,Capcom
Dead Rising 2: Off the Record,PS3,2011,Action,Capcom
Dead Space,PS3,2008,Action,Electronic Arts
Dead Space 2,PS3,2011,Shooter,Electronic Arts
Dead Space 3,PS3,2013,Shooter,Electronic Arts
Dead to Rights: Retribution,PS3,2010,Shooter,Namco Bandai Games
Deadliest Catch: Sea of Chaos,PS3,2010,Sports,Crave Entertainment
Deadliest Warrior: Ancient Combat,PS3,2012,Fighting,Cloud Imperium Games Corporation
Deadly Premonition,PS3,2010,Action,Rising Star Games
Deadpool,PS3,2013,Action,Activision
Def Jam Icon,PS3,2007,Action,Electronic Arts
Def Jam Rapstar,PS3,2010,Misc,Konami Digital Entertainment
DEFIANCE,PS3,2013,Action,Trion Worlds
Demon's Souls,PS3,2009,Role-Playing,Namco Bandai Games
Dengeki Bunko Fighting Climax,PS3,2014,Fighting,Sega
Destiny,"PS4, PS3",2014,Action,Activision
Destroy All Humans! Path of the Furon,PS3,N/A,Action,THQ
Deus Ex: Human Revolution,PS3,2011,Shooter,Square Enix
Devil May Cry 4,PS3,2008,Action,Capcom
Devil May Cry HD Collection,PS3,2012,Action,Capcom
Diablo III,"PS4, PS3",2014,Role-Playing,Activision
Digimon All-Star Rumble,PS3,2014,Fighting,Namco Bandai Games
DiRT,PS3,2007,Racing,Codemasters
DiRT 2,PS3,2009,Racing,Codemasters
DiRT 3,PS3,2011,Racing,Codemasters
DiRT Showdown,PS3,2012,Action,Codemasters
Disgaea 3: Absence of Justice,PS3,2008,Role-Playing,Square Enix
Disgaea 4: A Promise Unforgotten,PS3,2011,Role-Playing,Nippon Ichi Software
Disgaea D2,PS3,2013,Action,Nippon Ichi Software
Dishonored,PS3,2012,Shooter,Bethesda Softworks
Disney Epic Mickey 2: The Power of Two,PS3,2012,Action,Disney Interactive Studios
Disney Infinity,PS3,2013,Action,Disney Interactive Studios
Disney Infinity 2.0: Marvel Super Heroes,"PS4, PS3",2014,Action,Disney Interactive Studios
Disney Sing It,PS3,2008,Misc,Disney Interactive Studios
Disney Sing It: Family Hits,PS3,2010,Misc,Disney Interactive Studios
Disney Sing It: Party Hits,PS3,2010,Misc,Disney Interactive Studios
Disney Sing It: Pop Hits,PS3,2009,Misc,Disney Interactive Studios
Disney Sing It! High School Musical 3: Senior Year,PS3,2008,Misc,Disney Interactive Studios
Disney Universe,PS3,2011,Action,Disney Interactive Studios
DJ Hero,PS3,2009,Misc,Activision
DJ Hero 2,PS3,2010,Misc,Activision
DMC,PS3,2013,Action,Capcom
Doom 3 BFG Edition,PS3,2012,Shooter,Bethesda Softworks
Dragon Age II,PS3,2011,Role-Playing,Electronic Arts
Dragon Age Origins: Awakening,PS3,2010,Role-Playing,Spike
Dragon Age: Inquisition,"PS4, PS3",2014,Role-Playing,Electronic Arts
Dragon Age: Origins,PS3,2009,Role-Playing,Electronic Arts
Dragon Ball Z: Battle of Z,PS3,2014,Fighting,Namco Bandai Games
Dragon Ball Z: Burst Limit,PS3,2008,Fighting,Atari
Dragon Ball Z: Ultimate Tenkaichi,PS3,2011,Fighting,Namco Bandai Games
Dragon Ball: Raging Blast,PS3,2009,Fighting,Namco Bandai Games
Dragon Ball: Raging Blast 2,PS3,2010,Fighting,Namco Bandai Games
Dragon's Crown,PS3,2013,Role-Playing,Nippon Ichi Software
Dragon's Dogma,PS3,2012,Adventure,Capcom
Drakengard 3,PS3,2013,Role-Playing,Square Enix
Dream C Club,PS3,2012,Simulation,D3Publisher
Dream C Club: GoGo,PS3,2014,Adventure,D3Publisher
Dreamworks Madagascar Kartz,PS3,2009,Racing,Activision
DreamWorks Super Star Kartz,PS3,2011,Racing,Activision
DriveClub,PS4,2014,Racing,Sony Computer Entertainment
Driver: San Francisco,PS3,2011,Racing,Ubisoft
DuckTales: Remastered,PS3,2013,Action,Capcom
Duke Nukem Forever,PS3,2011,Shooter,Take-Two Interactive
Dunamis 15,PS3,2011,Adventure,5pb
Dungeon Siege III,PS3,2011,Role-Playing,Square Enix
Dungeons & Dragons: Shadow over Mystara,PS3,2013,Role-Playing,Capcom
Dynasty Warriors 6,PS3,2007,Action,Tecmo Koei
Dynasty Warriors 6 Empires,PS3,2009,Action,Tecmo Koei
Dynasty Warriors 7,PS3,2011,Action,Tecmo Koei
Dynasty Warriors 7: Empires,PS3,2012,Action,Ubisoft Annecy
Dynasty Warriors 7: Xtreme Legends,PS3,2011,Action,Tecmo Koei
Dynasty Warriors 8,PS3,2013,Action,Tecmo Koei
Dynasty Warriors 8: Empires,"PS4, PS3",2014,Action,Tecmo Koei
Dynasty Warriors 8: Xtreme Legends,"PS4, PS3",2014,Action,Tecmo Koei
Dynasty Warriors Gundam,PS3,2007,Action,Tecmo Koei
Dynasty Warriors: Gundam 2,PS3,2008,Action,Namco Bandai Games
Dynasty Warriors: Gundam 3,PS3,2010,Action,Tecmo Koei
Dynasty Warriors: Strikeforce,PS3,2009,Action,Tecmo Koei
E.X. Troopers,PS3,2012,Shooter,Capcom
EA Sports Active 2,PS3,2010,Sports,Electronic Arts
EA Sports MMA,PS3,2010,Fighting,Electronic Arts
EA Sports UFC,PS4,2014,Sports,Electronic Arts
Earth Defense Force 2025,PS3,2013,Shooter,D3Publisher
Earth Defense Force: Insect Armageddon,PS3,2011,Shooter,D3Publisher
Eat Lead: The Return of Matt Hazard,PS3,2009,Shooter,D3Publisher
Eiyuu Densetsu: Sora no Kiseki FC,PS3,2012,Role-Playing,Falcom Corporation
El Shaddai: Ascension of the Metatron,PS3,2011,Action,Ignition Entertainment
Enchanted Arms,PS3,2007,Role-Playing,Ubisoft
Enchanted Arms (JP sales),PS3,2007,Role-Playing,Ubisoft
Enemy Front,PS3,2014,Shooter,City Interactive
Enemy Territory: Quake Wars,PS3,2008,Shooter,Activision
Enslaved: Odyssey to the West,PS3,2010,Action,Namco Bandai Games
ESA Game Pack,PS3,2010,Misc,Sony Computer Entertainment
Escape Dead Island,PS3,2014,Action,Deep Silver
Eternal Sonata,PS3,2008,Role-Playing,Atari
Eureka Seven AO: Jungfrau no Hanabanatachi,PS3,2012,Action,Namco Bandai Games
Everybody Dance,PS3,2011,Misc,Sony Computer Entertainment
EyeCreate,PS3,2007,Misc,Sony Computer Entertainment
EyePet,PS3,2009,Simulation,Sony Computer Entertainment
EyePet & Friends,PS3,2011,Simulation,Sony Computer Entertainment
F.E.A.R.,PS3,2007,Shooter,Vivendi Games
F.E.A.R. 2: Project Origin,PS3,2009,Shooter,Warner Bros. Interactive Entertainment
F.E.A.R. 3,PS3,2011,Shooter,Warner Bros. Interactive Entertainment
F1 2010,PS3,2010,Racing,Codemasters
F1 2011,PS3,2011,Racing,Codemasters
F1 2012,PS3,2012,Racing,Codemasters
F1 2013,PS3,2013,Action,Codemasters
F1 2014,PS3,2014,Action,Codemasters
F1 Race Stars,PS3,2012,Racing,Codemasters
FaceBreaker,PS3,2008,Fighting,Electronic Arts
Fairy Fencer F,PS3,2013,Role-Playing,Nippon Ichi Software
Fairytale Fights,PS3,2009,Action,Playlogic Game Factory
Fallout 3,PS3,2008,Role-Playing,Bethesda Softworks
Fallout: New Vegas,PS3,2010,Role-Playing,Bethesda Softworks
Family Game Night 4: The Game Show,PS3,2011,Misc,Electronic Arts
Family Guy: Back to the Multiverse,PS3,2012,Action,Activision
Fantastic Four: Rise of the Silver Surfer,PS3,2007,Action,Take-Two Interactive
Far Cry 2,PS3,2008,Shooter,Ubisoft
Far Cry 3,PS3,2012,Shooter,Ubisoft
Far Cry 4,"PS4, PS3",2014,Shooter,Ubisoft
Farming Simulator 2013,PS3,2013,Action,Focus Home Interactive
Ferrari Challenge Trofeo Pirelli,PS3,2008,Racing,System 3 Arcade Software
FIFA 15,"PS4, PS3",2014,Sports,Electronic Arts
FIFA Soccer 08,PS3,2007,Sports,Electronic Arts
FIFA Soccer 09,PS3,2008,Sports,Electronic Arts
FIFA Soccer 10,PS3,2009,Sports,Electronic Arts
FIFA Soccer 11,PS3,2010,Sports,Electronic Arts
FIFA Soccer 12,PS3,2011,Sports,Electronic Arts
FIFA Soccer 13,PS3,2012,Action,Electronic Arts
FIFA Soccer 14,"PS4, PS3",2013,Sports,Electronic Arts
FIFA Street,PS3,2012,Sports,Electronic Arts
FIFA Street 3,PS3,2008,Sports,Electronic Arts
Fight Night Champion,PS3,2011,Fighting,Electronic Arts
Fight Night Round 3,PS3,2006,Fighting,Electronic Arts
Fight Night Round 4,PS3,2009,Fighting,Electronic Arts
Final Fantasy X / X-2 HD Remaster,PS3,2013,Role-Playing,Square Enix
Final Fantasy XIII,PS3,2009,Role-Playing,Square Enix
Final Fantasy XIII-2,PS3,2011,Role-Playing,Square Enix
Final Fantasy XIV: A Realm Reborn,"PS4, PS3",2014,Role-Playing,Square Enix
Fist of the North Star: Ken's Rage,PS3,2010,Action,Ubisoft Annecy
Fist of the North Star: Ken's Rage 2,PS3,2012,Fighting,Tecmo Koei
Fit in Six,PS3,2011,Sports,Ubisoft
Folklore,PS3,2007,Role-Playing,Sony Computer Entertainment
Formula 1: Championship Edition,PS3,2006,Racing,Sony Computer Entertainment
Fracture,PS3,2008,Shooter,LucasArts
Fritz Chess,PS3,2009,Strategy,Deep Silver
Front Mission Evolved,PS3,2010,Shooter,Square Enix
Fuel,PS3,2009,Racing,Codemasters
Full Auto 2: Battlelines,PS3,2006,Racing,Sega
Fuse,PS3,2013,Shooter,Electronic Arts
G-Force,PS3,2009,Action,Disney Interactive Studios
G.I. Joe: The Rise of Cobra,PS3,2009,Action,Electronic Arts
Gal Gun,PS3,2012,Shooter,Alchemist
Game of Thrones,PS3,2012,Role-Playing,Focus Home Interactive
Gekiatsu!! Pachi Game Tamashi Max: Evangelion 7 x Seimei no Kodou,PS3,2012,Misc,Fields
Gekiatsu!! Pachi Game Tamashi Vol. 2: CR Evangelion - Shinjitsu no Tsubasa,PS3,2011,Misc,Unknown
Gekiatsu!! Pachi Game Tamashi: CR Evangelion - Hajimari no Fukuin,PS3,2010,Misc,Unknown
Gekijouban Macross F: Itsuwarino Utahime - Hybrid Pack,PS3,2010,Action,Namco Bandai Games
Gekijouban Macross F: Sayonara no Tsubasa - Hybrid Pack,PS3,2011,Action,Namco Bandai Games
Generator Rex: Agent of Providence,PS3,2011,Action,Activision
Genji: Days of the Blade,PS3,2006,Action,Sony Computer Entertainment
Get Fit with Mel B,PS3,2010,Sports,Black Bean Games
Get Up and Dance,PS3,2011,Misc,O-Games
Ghostbusters: The Video Game,PS3,2009,Action,Sony Computer Entertainment
God of War Collection,PS3,2009,Action,Sony Computer Entertainment
God of War III,PS3,2010,Action,Sony Computer Entertainment
God of War Saga,PS3,2012,Action,Sony Computer Entertainment
God of War: Ascension,PS3,2013,Action,Sony Computer Entertainment
God of War: Origins Collection,PS3,2011,Action,Sony Computer Entertainment
Godzilla (PS3),PS3,2014,Action,Namco Bandai Games
Golden Axe: Beast Rider,PS3,2008,Action,Sega
Goldeneye 007: Reloaded,PS3,2011,Shooter,Activision
Gran Turismo 5,PS3,2010,Racing,Sony Computer Entertainment
Gran Turismo 5 Prologue,PS3,2007,Racing,Sony Computer Entertainment
Gran Turismo 6,PS3,2013,Racing,Sony Computer Entertainment
Grand Slam Tennis 2,PS3,2012,Sports,Electronic Arts
Grand Theft Auto IV,PS3,2008,Action,Take-Two Interactive
Grand Theft Auto V,"PS4, PS3",2014,Action,Take-Two Interactive
Grand Theft Auto: Episodes from Liberty City,PS3,2010,Adventure,Take-Two Interactive
Grease Dance,PS3,2011,Misc,505 Games
Green Day: Rock Band,PS3,2010,Misc,MTV Games
Green Lantern: Rise of the Manhunters,PS3,2011,Action,Warner Bros. Interactive Entertainment
Greg Hastings Paintball 2,PS3,2010,Shooter,Majesco Entertainment
GRID,PS3,2008,Racing,Codemasters
GRID 2,PS3,2013,Racing,Codemasters
GRID: Autosport,PS3,2014,Racing,Codemasters
Guilty Gear Xrd: Sign,"PS4, PS3",2014,Fighting,Arc System Works
Guitar Hero 5,PS3,2009,Misc,Activision
Guitar Hero III: Legends of Rock,PS3,2007,Misc,Activision
Guitar Hero: Aerosmith,PS3,2008,Misc,Activision
Guitar Hero: Metallica,PS3,2009,Misc,Activision
Guitar Hero: Smash Hits,PS3,2009,Misc,Activision
Guitar Hero: Van Halen,PS3,2009,Misc,Activision
Guitar Hero: Warriors of Rock,PS3,2010,Misc,Activision
Guitar Hero: World Tour,PS3,2008,Misc,Activision
Gundam Breaker,PS3,2013,Action,Namco Bandai Games
Gundam Breaker 2,PS3,2014,Action,Namco Bandai Games
Hail to the Chimp,PS3,2008,Misc,Gamecock
Hajime no Ippo: The Fighting! (2014),PS3,2014,Sports,Namco Bandai Games
Hakuouki: Junsouroku,PS3,2010,Adventure,Idea Factory
Hannah Montana: The Movie,PS3,2009,Adventure,Disney Interactive Studios
Happy Feet Two,PS3,N/A,Adventure,Warner Bros. Interactive Entertainment
Harry Potter and the Deathly Hallows - Part 1,PS3,2010,Action,Electronic Arts
Harry Potter and the Deathly Hallows - Part 2,PS3,2011,Action,Electronic Arts
Harry Potter and the Half-Blood Prince,PS3,2009,Action,Electronic Arts
Harry Potter and the Order of the Phoenix,PS3,2007,Adventure,Electronic Arts
Hasbro Family Game Night 3,PS3,2010,Misc,Electronic Arts
Hatsune Miku: Project Diva F 2nd,PS3,2014,Misc,Sega
Haze,PS3,2008,Shooter,Ubisoft
Heavenly Sword,PS3,2007,Action,Sony Computer Entertainment
Heavy Fire: Afghanistan,PS3,2011,Shooter,Unknown
Heavy Rain,PS3,2010,Adventure,Sony Computer Entertainment
Hellboy: The Science of Evil,PS3,2008,Action,Konami Digital Entertainment
Heroes over Europe,PS3,2009,Simulation,Ubisoft
High Velocity Bowling,PS3,2010,Sports,Sony Computer Entertainment
Hitman: Absolution,PS3,2012,Action,Square Enix
Hitman: HD Trilogy,PS3,2013,Action,Square Enix
Homefront,PS3,2011,Shooter,THQ
Hot Shots Golf: Out of Bounds,PS3,2007,Sports,Sony Computer Entertainment
Hot Shots Golf: World Invitational,PS3,2012,Sports,Sony Computer Entertainment
How to Train Your Dragon,PS3,2010,Action,Activision
How to Train Your Dragon 2,PS3,2014,Adventure,Little Orbit
Hunted: The Demon's Forge,PS3,2011,Role-Playing,Bethesda Softworks
Hyperdimension Neptunia,PS3,2010,Role-Playing,Tecmo Koei
Hyperdimension Neptunia Victory,PS3,2012,Role-Playing,Compile Heart
Ice Age: Dawn of the Dinosaurs,PS3,2009,Platform,Activision
ICO,PS3,2011,Adventure,Sony Computer Entertainment
IL-2 Sturmovik: Birds of Prey,PS3,2009,Simulation,505 Games
Imabikisou,PS3,2007,Adventure,Sega
inFAMOUS,PS3,2009,Action,Sony Computer Entertainment
inFAMOUS 2,PS3,2011,Action,Sony Computer Entertainment
Infamous: First Light,PS4,N/A,Action,N/A
inFAMOUS: Second Son,PS4,2014,Action,Sony Computer Entertainment
Infinite Stratos 2: Ignition Hearts,PS3,2014,Adventure,5pb
Initial D: Extreme Stage,PS3,2008,Racing,Sega
Injustice: Gods Among Us,"PS4, PS3",2013,Fighting,Warner Bros. Interactive Entertainment
International Cricket 2010,PS3,2010,Sports,Codemasters
Inversion,PS3,2012,Shooter,Namco Bandai Games
Invizimals: The Lost Kingdom,PS3,2013,Action,Sony Computer Entertainment
Iron Man,PS3,2008,Action,Sega
Iron Man 2,PS3,2010,Action,Sega
James Bond 007: Blood Stone,PS3,2010,Action,Activision
James Bond 007: Legends,PS3,2012,Shooter,Activision
James Cameron's Avatar: The Game,PS3,2009,Action,Ubisoft
JASF: Jane's Advanced Strike Fighters,PS3,2011,Simulation,Deep Silver
Jikkyou Powerful Pro Yakyuu 2010,PS3,2010,Sports,Konami Digital Entertainment
Jikkyou Powerful Pro Yakyuu 2011,PS3,2011,Sports,Konami Digital Entertainment
Jikkyou Powerful Pro Yakyuu 2011 Ketteiban,PS3,2011,Sports,Konami Digital Entertainment
Jikkyou Powerful Pro Yakyuu 2012,PS3,2012,Action,Konami Digital Entertainment
Jikkyou Powerful Pro Yakyuu 2013,PS3,2013,Sports,Konami Digital Entertainment
Jikkyou Powerful Pro Yakyuu 2014,PS3,2014,Sports,Konami Digital Entertainment
Jimmie Johnson's Anything With an Engine,PS3,2011,Racing,Konami Digital Entertainment
Jissen Pachislot Secrets! Fist of the North Star F - Seikimatsu Kyuuseishu Densetsu,PS3,2012,Action,Sega
John Daly's ProStroke Golf,PS3,2010,Sports,O-Games
JoJo's Bizarre Adventure: All Star Battle,PS3,2013,Fighting,Namco Bandai Games
Jonah Lomu Rugby Challenge,PS3,N/A,Sports,Home Entertainment Suppliers
Journey,PS3,2012,Adventure,Sony Computer Entertainment Europe
Juiced 2: Hot Import Nights,PS3,2007,Racing,THQ
Jurassic: The Hunted,PS3,2009,Shooter,Activision
Just Cause 2,PS3,2010,Action,Square Enix
Just Dance 2014,"PS4, PS3",2013,Misc,Ubisoft
Just Dance 2015,"PS4, PS3",2014,Misc,Ubisoft
Just Dance 3,PS3,2011,Misc,Ubisoft
Just Dance 4,PS3,2012,Misc,Ubisoft
Just Dance Kids 2,PS3,2011,Misc,Ubisoft
K-On! After School Live!! HD Ver.,PS3,2012,Action,Sega
Kagero: Darkside Princess,PS3,2014,Action,Tecmo Koei
Kamen Rider: Battride War,PS3,2013,Action,Namco Bandai Games
Kamen Rider: Battride War II,PS3,2014,Action,Namco Bandai Games
Kamisama to Unemi Kakumei Paradox,PS3,2013,Role-Playing,Nippon Ichi Software
Kane & Lynch 2: Dog Days,PS3,2010,Shooter,Square Enix
Kane & Lynch: Dead Men,PS3,2007,Shooter,Eidos Interactive
Karaoke Revolution,PS3,2009,Misc,Konami Digital Entertainment
Karaoke Revolution Presents American Idol Encore,PS3,2008,Misc,Konami Digital Entertainment
Karaoke Revolution Presents American Idol Encore 2,PS3,2008,Misc,Konami Digital Entertainment
Katamari Forever,PS3,2009,Puzzle,Namco Bandai Games
Ken to Mahou to Gakuen Mono. 2G,PS3,2010,Role-Playing,Acquire
Ken to Mahou to Gakuen Mono. 3,PS3,2010,Role-Playing,Acquire
Kidou Senshi Gundam UC,PS3,2012,Action,Namco Bandai Games
Kidou Senshi Gundam: Extreme VS,PS3,2011,Fighting,Namco Bandai Games
Killer is Dead,PS3,2013,Action,Deep Silver
Killzone 2,PS3,2009,Shooter,Sony Computer Entertainment
Killzone 3,PS3,2011,Shooter,Sony Computer Entertainment
Killzone: Shadow Fall,PS4,2013,Action,Sony Computer Entertainment
Kingdom Hearts,PS3,2013,Role-Playing,Square Enix
Kingdom Hearts II,PS3,2014,Role-Playing,Square Enix
Kingdoms of Amalur: Reckoning,PS3,2012,Role-Playing,Electronic Arts
Knack,PS4,2013,Action,Sony Computer Entertainment Europe
Knights Contract,PS3,2011,Action,Namco Bandai Games
Kung Fu Panda,PS3,2008,Platform,Activision
Kung Fu Panda 2,PS3,2011,Action,THQ
Kung Fu Rider,PS3,2010,Action,Sony Computer Entertainment
L.A. Noire,PS3,2011,Adventure,Take-Two Interactive
Lair,PS3,2007,Action,Sony Computer Entertainment
Lara Croft and the Temple of Osiris,PS4,N/A,Action,N/A
Last Rebellion,PS3,2010,Role-Playing,Nippon Ichi Software
Legasista,PS3,2012,Role-Playing,Nippon Ichi Software
Legend of the Guardians: The Owls of Ga'Hoole,PS3,2010,Action,Warner Bros. Interactive Entertainment
Legendary,PS3,2008,Shooter,Atari
Legends of WrestleMania,PS3,2009,Fighting,THQ
LEGO Batman 2: DC Super Heroes,PS3,2012,Action,Warner Bros. Interactive Entertainment
LEGO Batman 3: Beyond Gotham,"PS4, PS3",2014,Action,Warner Bros. Interactive Entertainment
LEGO Batman: The Videogame,PS3,2008,Adventure,Warner Bros. Interactive Entertainment
LEGO Harry Potter: Years 1-4,PS3,2010,Adventure,Warner Bros. Interactive Entertainment
LEGO Harry Potter: Years 5-7,PS3,N/A,Action,Warner Bros. Interactive Entertainment
LEGO Indiana Jones 2: The Adventure Continues,PS3,2009,Adventure,Activision
LEGO Indiana Jones: The Original Adventures,PS3,2008,Adventure,Activision
Lego Marvel Super Heroes,"PS4, PS3",2013,Action,Warner Bros. Interactive Entertainment
LEGO Pirates of the Caribbean: The Video Game,PS3,2011,Action,Disney Interactive Studios
LEGO Rock Band,PS3,2009,Misc,Warner Bros. Interactive Entertainment
LEGO Star Wars III: The Clone Wars,PS3,2011,Action,LucasArts
LEGO Star Wars: The Complete Saga,PS3,2007,Action,LucasArts
LEGO The Hobbit,"PS4, PS3",2014,Action,Warner Bros. Interactive Entertainment
LEGO The Lord of the Rings,PS3,2012,Action,Warner Bros. Interactive Entertainment
Leisure Suit Larry: Box Office Bust,PS3,2009,Adventure,Codemasters
Let's Dance with Mel B,PS3,2011,Sports,Black Bean Games
Lightning Returns: Final Fantasy XIII,PS3,2013,Role-Playing,Square Enix
Little League World Series Baseball 2010,PS3,2010,Sports,Activision
LittleBigPlanet,PS3,2008,Platform,Sony Computer Entertainment
LittleBigPlanet 2,PS3,2011,Platform,Sony Computer Entertainment
LittleBigPlanet 3,"PS4, PS3",2014,Platform,Sony Computer Entertainment
LittleBigPlanet Karting,PS3,2012,Action,Sony Computer Entertainment
Lollipop Chainsaw,PS3,2012,Action,Warner Bros. Interactive Entertainment
London 2012: The Official Video Game of the Olympic Games,PS3,2012,Sports,Sega
Lords of the Fallen,PS4,2014,Role-Playing,Square Enix
Lost Planet 2,PS3,2010,Shooter,Capcom
Lost Planet 3,PS3,2013,Action,Capcom
Lost Planet: Extreme Condition,PS3,2008,Shooter,Capcom
Lost: Via Domus,PS3,2008,Action,Ubisoft
Love Once: Mermaid's Tears,PS3,2011,Adventure,Unknown
Lucha Libre AAA: Heroes del Ring,PS3,2010,Fighting,Konami Digital Entertainment
Machi-ing Maker 4,PS3,2011,Strategy,D3Publisher
Macross 30: Ginga o Tsunagu Utagoe,PS3,2013,Shooter,Namco Bandai Games
Mad Max (2015),PS4,2014,Action,Warner Bros. Interactive Entertainment
Madagascar: Escape 2 Africa,PS3,2008,Action,Activision
Madden NFL 07,PS3,2006,Sports,Electronic Arts
Madden NFL 08,PS3,2007,Sports,Electronic Arts
Madden NFL 09,PS3,2008,Sports,Electronic Arts
Madden NFL 10,PS3,2009,Sports,Electronic Arts
Madden NFL 11,PS3,2010,Sports,Electronic Arts
Madden NFL 12,PS3,2011,Sports,Electronic Arts
Madden NFL 13,PS3,2012,Sports,Electronic Arts
Madden NFL 15,"PS4, PS3",2014,Sports,Electronic Arts
Madden NFL 25,"PS4, PS3",2013,Sports,Electronic Arts
Mafia II,PS3,2010,Action,Take-Two Interactive
MAG: Massive Action Game,PS3,2010,Shooter,Sony Computer Entertainment
Mahjong * Dream C Club,PS3,2012,Action,D3Publisher
Mahjong Kakutou Club: Zenkoku Taisenban,PS3,2006,Misc,Konami Digital Entertainment
Mahjong Taikai IV,PS3,2006,Misc,Tecmo Koei
Majin and the Forsaken Kingdom,PS3,2010,Adventure,Namco Bandai Games
Major League Baseball 2K10,PS3,2010,Sports,Take-Two Interactive
Major League Baseball 2K11,PS3,2011,Sports,Take-Two Interactive
Major League Baseball 2K12,PS3,2012,Sports,Take-Two Interactive
Major League Baseball 2K13,PS3,2013,Sports,Take-Two Interactive
Major League Baseball 2K7,PS3,2007,Sports,Spike
Major League Baseball 2K8,PS3,2008,Sports,Bethesda Softworks
Major League Baseball 2K9,PS3,2009,Sports,Spike
Makai Senki Disgaea 3 Append Disc: Raspberyl-hen Hajime Mashita,PS3,2009,Role-Playing,Nippon Ichi Software
Makai Senki Disgaea 4: Fuuka & Desco-hen Hajime Mashita,PS3,2011,Strategy,Nippon Ichi Software
Man vs. Wild,PS3,2010,Adventure,Abylight
Marvel Super Hero Squad: Comic Combat,PS3,2011,Action,THQ
Marvel Super Hero Squad: The Infinity Gauntlet,PS3,2010,Action,THQ
Marvel vs. Capcom 3: Fate of Two Worlds,PS3,2011,Fighting,Capcom
Marvel: Ultimate Alliance,PS3,2006,Role-Playing,Activision
Marvel: Ultimate Alliance 2,PS3,2009,Role-Playing,Activision
Mass Effect 2,PS3,2011,Role-Playing,Electronic Arts
Mass Effect 3,PS3,2012,Role-Playing,Electronic Arts
Mass Effect Trilogy,PS3,2012,Action,Electronic Arts
Mato Kurenai Yuugekitai : Tokyo Twilight Ghosthunters,PS3,2014,Role-Playing,Aksys Games
Max Payne 3,PS3,2012,Shooter,Take-Two Interactive
Mayhem 3D,PS3,2011,Racing,Evolved Games
Medal of Honor,PS3,2010,Shooter,Electronic Arts
Medal of Honor: Airborne,PS3,2007,Shooter,Electronic Arts
Medal of Honor: Warfighter,PS3,2012,Action,Electronic Arts
Medieval Moves: Deadmund's Quest,PS3,2011,Action,Sony Computer Entertainment
Megamind: Ultimate Showdown,PS3,2010,Adventure,THQ
Mercenaries 2: World in Flames,PS3,2008,Shooter,Electronic Arts
Metal Gear Rising: Revengeance,PS3,2013,Action,Konami Digital Entertainment
Metal Gear Solid 4: Guns of the Patriots,PS3,2008,Action,Konami Digital Entertainment
Metal Gear Solid HD Edition,PS3,2011,Action,Konami Digital Entertainment
Metal Gear Solid: Ground Zeroes,"PS4, PS3",2014,Action,Konami Digital Entertainment
Metal Gear Solid: Peace Walker HD Edition,PS3,2011,Action,Konami Digital Entertainment
Metal Gear Solid: The Legacy Collection,PS3,2013,Adventure,Konami Digital Entertainment
Metro: Last Light,"PS4, PS3",2014,Shooter,Deep Silver
Michael Jackson: The Experience,PS3,2011,Misc,Ubisoft
Middle-Earth: Shadow of Mordor,"PS4, PS3",2014,Action,Warner Bros. Interactive Entertainment
Midnight Club: Los Angeles,PS3,2008,Racing,Take-Two Interactive
MindJack,PS3,2011,Shooter,Square Enix
MineCraft,"PS4, PS3",2014,Adventure,Sony Computer Entertainment Europe
Mini Ninjas,PS3,2009,Action,Eidos Interactive
Mirror's Edge,PS3,2008,Action,Electronic Arts
MLB 07: The Show,PS3,2007,Sports,Sony Computer Entertainment
MLB 08: The Show,PS3,2008,Sports,Sony Computer Entertainment
MLB 09: The Show,PS3,2009,Sports,Sony Computer Entertainment
MLB 10: The Show,PS3,2010,Sports,Sony Computer Entertainment
MLB 11: The Show,PS3,2011,Sports,Sony Computer Entertainment
MLB 12: The Show,PS3,2012,Sports,Sony Computer Entertainment
MLB 13: The Show,PS3,2013,Sports,Sony Computer Entertainment
MLB 14 The Show,"PS4, PS3",2014,Action,Sony Computer Entertainment America
MLB Front Office Manager,PS3,2009,Sports,Take-Two Interactive
Mobile Suit Gundam Battlefield Record U.C.0081,PS3,2009,Action,Namco Bandai Games
Mobile Suit Gundam Side Story: Missing Link,PS3,2014,Action,Namco Bandai Games
Mobile Suit Gundam: Crossfire,PS3,2006,Simulation,Namco Bandai Games
Mobile Suit Gundam: Extreme Vs,PS3,2014,Action,Namco Bandai Games
ModNation Racers,PS3,2010,Racing,Sony Computer Entertainment
Monkey Island: Special Edition Collection,PS3,2011,Adventure,Activision
Monopoly,PS3,2008,Misc,Electronic Arts
Monopoly Streets,PS3,2010,Misc,Electronic Arts
Monster Hunter Frontier Online,PS3,N/A,Role-Playing,N/A
Monster Hunter Portable 3rd HD Ver.,PS3,2011,Role-Playing,Capcom
Monster Jam: Path of Destruction,PS3,2010,Racing,Activision
Monster Madness: Grave Danger,PS3,2008,Shooter,SouthPeak Games
Monsters vs. Aliens,PS3,2009,Platform,Activision
Mortal Kombat,PS3,2011,Fighting,Warner Bros. Interactive Entertainment
Mortal Kombat vs DC Universe,PS3,2008,Fighting,Midway Games
MotionSports: Adrenaline,PS3,2011,Sports,Ubisoft
MotoGP 08,PS3,2008,Racing,Capcom
MotoGP 09/10,PS3,2010,Racing,Capcom
MotoGP 10/11,PS3,2011,Racing,Capcom
MotoGP 14,"PS4, PS3",2014,Racing,Milestone S.r.l.
MotorStorm,PS3,2006,Racing,Sony Computer Entertainment
MotorStorm: Apocalypse,PS3,2011,Racing,Sony Computer Entertainment
MotorStorm: Pacific Rift,PS3,2008,Racing,Sony Computer Entertainment
Motto! SoniComi,PS3,2014,Simulation,Kadokawa Games
Move Fitness,PS3,N/A,Sports,Sony Computer Entertainment
Mugen Souls,PS3,2012,Action,Nippon Ichi Software
Murdered: Soul Suspect,"PS4, PS3",2014,Action,Square Enix
Musou Orochi Z,PS3,2009,Action,Tecmo Koei
Muv-Luv Alternative,PS3,2012,Adventure,5pb
Muv-Luv Alternative: Total Eclipse,PS3,2013,Simulation,5pb
MX vs. ATV Reflex,PS3,2009,Racing,THQ
MX vs. ATV Untamed,PS3,2007,Racing,THQ
MX vs. ATV: Alive,PS3,2011,Racing,THQ
My Fitness Coach: Club,PS3,2011,Sports,Ubisoft
MySims SkyHeroes,PS3,2010,Action,Electronic Arts
nail'd,PS3,2010,Racing,Deep Silver
Name,Platform,Year,Genre,Publisher
Naruto Shippuden: Ultimate Ninja Storm 2,PS3,2010,Fighting,Namco Bandai Games
Naruto Shippuden: Ultimate Ninja Storm 3,PS3,2013,Fighting,Namco Bandai Games
Naruto Shippuden: Ultimate Ninja STORM Generations,PS3,2012,Fighting,Namco Bandai Games
Naruto Shippuden: Ultimate Ninja Storm Revolution,PS3,2014,Fighting,Namco Bandai Games
Naruto: Ultimate Ninja Storm,PS3,2008,Fighting,Namco Bandai Games
NASCAR '14,PS3,2014,Action,Deep Silver
NASCAR 08,PS3,2007,Racing,Electronic Arts
NASCAR 09,PS3,2008,Racing,Electronic Arts
NASCAR 2011: The Game,PS3,2011,Racing,Activision
NASCAR The Game: Inside Line,PS3,2012,Action,Activision
Nascar Unleashed,PS3,2011,Racing,Activision
NatGeo Challenge! Wild Life,PS3,2010,Misc,Black Bean Games
National Geographic Challenge!,PS3,2011,Misc,Black Bean Games
Natural Doctrine,"PS4, PS3",2014,Action,Nippon Ichi Software
Naughty Bear,PS3,2010,Action,505 Games
NBA 07,PS3,2006,Sports,Sony Computer Entertainment
NBA 08,PS3,2007,Sports,Sony Computer Entertainment
NBA 09: The Inside,PS3,2008,Sports,Sony Computer Entertainment
NBA 2K10,PS3,2009,Sports,Take-Two Interactive
NBA 2K11,PS3,2010,Sports,Take-Two Interactive
NBA 2K12,PS3,2011,Sports,Take-Two Interactive
NBA 2K13,PS3,2012,Action,Take-Two Interactive
NBA 2K14,"PS4, PS3",2013,Sports,Take-Two Interactive
NBA 2K15,"PS4, PS3",2014,Sports,Take-Two Interactive
NBA 2K7,PS3,2006,Sports,Take-Two Interactive
NBA 2K8,PS3,2007,Sports,Take-Two Interactive
NBA 2K9,PS3,2008,Sports,Take-Two Interactive
NBA Ballers: Chosen One,PS3,2008,Sports,Midway Games
NBA Jam,PS3,2010,Sports,Electronic Arts
NBA Live 08,PS3,2007,Sports,Electronic Arts
NBA Live 09,PS3,2008,Sports,Electronic Arts
NBA Live 10,PS3,2009,Sports,Electronic Arts
NBA Live 14,PS4,2013,Sports,Electronic Arts
NBA Live 15,PS4,2014,Action,Electronic Arts
NBA Street Homecourt,PS3,2007,Sports,Electronic Arts
NCAA Basketball 09,PS3,2008,Sports,Electronic Arts
NCAA Basketball 10,PS3,2009,Sports,Electronic Arts
NCAA Football 08,PS3,2007,Sports,Electronic Arts
NCAA Football 09,PS3,2008,Sports,Electronic Arts
NCAA Football 10,PS3,2009,Sports,Electronic Arts
NCAA Football 11,PS3,2010,Sports,Electronic Arts
NCAA Football 12,PS3,2011,Sports,Electronic Arts
NCAA Football 13,PS3,2012,Action,Electronic Arts
NCAA Football 14,PS3,2013,Sports,Electronic Arts
NCAA March Madness 08,PS3,2007,Sports,Electronic Arts
NCIS,PS3,2011,Adventure,Ubisoft
Need for Speed Carbon,PS3,2006,Racing,Electronic Arts
Need for Speed Rivals,"PS4, PS3",2013,Racing,Electronic Arts
Need for Speed: Hot Pursuit,PS3,2010,Racing,Electronic Arts
Need for Speed: Most Wanted - A Criterion Game,PS3,2012,Racing,Electronic Arts
Need for Speed: ProStreet,PS3,2007,Racing,Electronic Arts
Need for Speed: Shift,PS3,2009,Racing,Electronic Arts
Need for Speed: Shift 2 Unleashed,PS3,2011,Racing,Electronic Arts
Need for Speed: The Run,PS3,2011,Racing,Electronic Arts
Need For Speed: Undercover,PS3,2008,Racing,Electronic Arts
NeverDead,PS3,2012,Shooter,Konami Digital Entertainment
New Hayarigami,PS3,2014,Adventure,Nippon Ichi Software
Next Hatsune Miku: Project Diva,PS3,2013,Misc,Sega
NFL Head Coach 09,PS3,2008,Sports,Electronic Arts
NFL Tour,PS3,2008,Sports,Electronic Arts
NHL 08,PS3,2007,Action,Electronic Arts
NHL 09,PS3,2008,Sports,Electronic Arts
NHL 10,PS3,2009,Sports,Electronic Arts
NHL 11,PS3,2010,Sports,Electronic Arts
NHL 12,PS3,2011,Sports,Electronic Arts
NHL 13,PS3,2012,Sports,Electronic Arts
NHL 14,PS3,2013,Sports,Electronic Arts
NHL 15,"PS4, PS3",2014,Action,Electronic Arts
NHL 2K10,PS3,2009,Sports,Take-Two Interactive
NHL 2K7,PS3,2006,Sports,Take-Two Interactive
NHL 2K8,PS3,2007,Sports,Take-Two Interactive
NHL 2K9,PS3,2008,Sports,Take-Two Interactive
Ni no Kuni: Wrath of the White Witch,PS3,2011,Role-Playing,Namco Bandai Games
NieR,PS3,2010,Role-Playing,Square Enix
Ninja Gaiden 3,PS3,2012,Action,Tecmo Koei
Ninja Gaiden Sigma,PS3,2007,Action,Eidos Interactive
Ninja Gaiden Sigma 2,PS3,2009,Action,Ubisoft Annecy
No More Heroes: Heroes' Paradise,PS3,2010,Action,Konami Digital Entertainment
No More Heroes: Red Zone,PS3,2011,Action,Marvelous Interactive
Nobunaga no Yabou Online: Houou no Shou,PS3,2012,Strategy,Ackkstudios
Nobunaga no Yabou: Souzou,"PS4, PS3",2014,Strategy,Tecmo Koei
Nobunaga no Yabou: Tendou,PS3,2010,Strategy,Tecmo Koei
Nobunaga no Yabou: Tendou with Power-Up Kit,PS3,2011,Strategy,Tecmo Koei
NPPL Championship Paintball 2009,PS3,2008,Shooter,Activision Value
Nurarihyon no Mago: Hyakki Ryouran Taisen,PS3,2011,Fighting,Konami Digital Entertainment
Okami,PS3,2012,Adventure,Capcom
Omega Quintet,PS4,2014,Role-Playing,Compile Heart
Omerta: City of Gangsters,PS3,2011,Simulation,Konami Digital Entertainment
One Piece Pirate Musou,PS3,2012,Action,Namco Bandai Games
One Piece Unlimited World: Red,PS3,2014,Action,Namco Bandai Games
One Piece: Pirate Warriors 2,PS3,2013,Action,Namco Bandai Games
Onechanbara Z Kagura,PS3,2013,Action,D3Publisher
Onechanbara Z2: Chaos,PS4,2014,Action,D3Publisher
Operation Flashpoint: Dragon Rising,PS3,2009,Shooter,Codemasters
Operation Flashpoint: Red River,PS3,2011,Shooter,Codemasters
Order Up!!,PS3,2011,Action,Funbox Media
Ore no Imouto ga Konna ni Kawaii Wake ga Nai Happy EnD,PS3,2013,Simulation,Namco Bandai Games
Overlord II,PS3,2009,Action,Codemasters
Overlord: Raising Hell,PS3,2008,Adventure,Codemasters
PAC-MAN and the Ghostly Adventures,PS3,2013,Action,Namco Bandai Games
Pac-Man and the Ghostly Adventures 2,PS3,2014,Action,Namco Bandai Games
PachiPara 15: Super Umi Monogatari in Okinawa 2,PS3,2010,Misc,Irem Software Engineering
Painkiller: Hell & Damnation,PS3,2013,Shooter,Nordic Games
Payday 2,PS3,2013,Action,505 Games
PDC World Championship Darts: Pro Tour,PS3,2010,Sports,O-Games
Persona 4: Arena,PS3,2012,Fighting,Atlus
Persona 4: The Ultimax Ultra Suplex Hold,PS3,2014,Action,Atlus
PES 2009: Pro Evolution Soccer,PS3,2008,Sports,Konami Digital Entertainment
Phineas and Ferb: Across the 2nd Dimension,PS3,2011,Action,Disney Interactive Studios
Pictionary: Ultimate Edition,PS3,2011,Misc,THQ
Pinball Hall of Fame: The Williams Collection,PS3,2009,Misc,Crave Entertainment
Pirates of the Caribbean: At World's End,PS3,2007,Action,Disney Interactive Studios
Planet 51,PS3,2009,Action,Sega
Plants vs Zombies: Garden Warfare,"PS4, PS3",2014,Action,Electronic Arts
Plants vs. Zombies,PS3,2011,Strategy,PopCap Games
PlayStation All-Stars Battle Royale,PS3,2012,Action,Sony Computer Entertainment
PlayStation Move Heroes,PS3,2011,Platform,Sony Computer Entertainment
Port Royale 3,PS3,N/A,Simulation,Kalypso Media
Portal 2,PS3,2011,Shooter,Valve
Power Gig: Rise of the SixString,PS3,2010,Misc,Unknown
Prince of Persia,PS3,2008,Adventure,Ubisoft
Prince of Persia Trilogy,PS3,2010,Action,Ubisoft
Prince of Persia: The Forgotten Sands,PS3,2010,Action,Ubisoft
Prison Break: The Conspiracy,PS3,2010,Adventure,Deep Silver
Pro Angler Moves,PS3,2012,Sports,"Interworks Unlimited, Inc."
Pro Evolution Soccer 2008,PS3,2007,Sports,Konami Digital Entertainment
Pro Evolution Soccer 2010,PS3,2009,Sports,Konami Digital Entertainment
pro evolution soccer 2011,PS3,2010,Sports,Konami Digital Entertainment
Pro Evolution Soccer 2012,PS3,2011,Sports,Konami Digital Entertainment
Pro Evolution Soccer 2013,PS3,2012,Sports,Konami Digital Entertainment
Pro Evolution Soccer 2014,PS3,2013,Action,Konami Digital Entertainment
Pro Evolution Soccer 2015,"PS4, PS3",2014,Sports,Konami Digital Entertainment
Pro Yaky? Spirits 2014,PS3,2014,Sports,Konami Digital Entertainment
Pro Yakyuu Spirits 2010,PS3,2010,Sports,Konami Digital Entertainment
Pro Yakyuu Spirits 2011,PS3,2011,Sports,Konami Digital Entertainment
Pro Yakyuu Spirits 2012,PS3,2012,Action,Konami Digital Entertainment
Pro Yakyuu Spirits 2013,PS3,2013,Sports,Konami Digital Entertainment
Pro Yakyuu Spirits 4,PS3,2007,Sports,Konami Digital Entertainment
Pro Yakyuu Spirits 5,PS3,2008,Sports,Konami Digital Entertainment
Pro Yakyuu Spirits 5 Kanzenban,PS3,2008,Sports,Konami Digital Entertainment
Pro Yakyuu Spirits 6,PS3,2009,Sports,Konami Digital Entertainment
Project Versus J,PS3,2014,Action,Namco Bandai Games
Prototype 2,PS3,2012,Action,Activision
Puppeteer,PS3,2013,Platform,Sony Computer Entertainment Europe
Pure,PS3,2008,Racing,Disney Interactive Studios
Pure Futbol,PS3,2010,Sports,Ubisoft
Puss in Boots,PS3,2011,Action,THQ
Putty Squad,PS4,2013,Action,System 3
Puyo Puyo Tetris,PS3,2014,Puzzle,Sega
Quantum Theory,PS3,2010,Shooter,Tecmo Koei
R.U.S.E.,PS3,2010,Strategy,Ubisoft
Rabbids Invasion: The Interactive TV Show,PS4,2014,Misc,Ubisoft
Racquet Sports,PS3,2010,Sports,Ubisoft
Rage,PS3,2011,Shooter,Bethesda Softworks
Ragnarok Odyssey,PS3,2014,Role-Playing,GungHo
Railfan,PS3,2006,Simulation,Ongakukan
Rain (PS3),PS3,2013,Platform,Sony Computer Entertainment
Rango: The Video Game,PS3,2011,Action,Electronic Arts
Rapala Fishing Frenzy 2009,PS3,2008,Sports,Activision
Rapala Pro Bass Fishing 2010,PS3,2010,Sports,Activision
Ratatouille,PS3,2007,Platform,THQ
Ratchet & Clank Collection,PS3,2012,Action,Sony Computer Entertainment
Ratchet & Clank Future: A Crack in Time,PS3,2009,Platform,Sony Computer Entertainment
Ratchet & Clank Future: Quest for Booty,PS3,2008,Platform,Sony Computer Entertainment
Ratchet & Clank Future: Tools of Destruction,PS3,2007,Platform,Sony Computer Entertainment
Ratchet & Clank: All 4 One,PS3,2011,Platform,Sony Computer Entertainment
Ratchet & Clank: Full Frontal Assault,PS3,2012,Action,Sony Computer Entertainment
Ratchet & Clank: Into the Nexus,PS3,2013,Shooter,Sony Computer Entertainment
Ratchet & Clank: Quest for Booty,PS3,2008,Platform,Sony Computer Entertainment
Raven's Cry,PS4,2015,Role-Playing,TopWare Interactive
Rayman Legends,"PS4, PS3",2014,Platform,Ubisoft
Rayman Origins,PS3,2011,Platform,Ubisoft
Record of Agarest War,PS3,2007,Role-Playing,Ghostlight
Record of Agarest War 2,PS3,2010,Role-Playing,Compile Heart
Record of Agarest War Zero,PS3,N/A,Strategy,Ghostlight
Red Dead Redemption,PS3,2010,Action,Take-Two Interactive
Red Dead Redemption: Undead Nightmare,PS3,2010,Action,Take-Two Interactive
Red Faction: Armageddon,PS3,2011,Shooter,THQ
Red Faction: Guerrilla,PS3,2009,Shooter,THQ
Remember Me,PS3,2013,Action,Capcom
Resident Evil,PS3,2006,Action,Capcom
Resident Evil 5,PS3,2009,Action,Capcom
Resident Evil 6,PS3,2012,Action,Capcom
Resident Evil Chronicles HD,PS3,2012,Shooter,Capcom
Resident Evil: Operation Raccoon City,PS3,2012,Shooter,Capcom
Resident Evil: Revelations,PS3,2013,Action,Capcom
Resistance 2,PS3,2008,Shooter,Sony Computer Entertainment
Resistance 3,PS3,2011,Shooter,Sony Computer Entertainment
Resistance Dual Pack,PS3,2011,Shooter,Sony Computer Entertainment
Resistance: Fall of Man,PS3,2006,Shooter,Sony Computer Entertainment
Resonance of Fate,PS3,2010,Role-Playing,Sega
Ride to Hell,PS3,2013,Racing,Deep Silver
Ridge Racer 7,PS3,2006,Racing,Namco Bandai Games
Ridge Racer Unbounded,PS3,2012,Racing,Namco Bandai Games
Rinne no Lagrange: Kamogawa Days,PS3,2012,Adventure,Namco Bandai Games
Rio,PS3,2011,Misc,THQ
Rise of the Argonauts,PS3,2008,Role-Playing,Codemasters
Risen 2: Dark Waters,PS3,2012,Role-Playing,Deep Silver
Risen 3: Titan Lords,PS3,2014,Role-Playing,Deep Silver
Robert Ludlum's The Bourne Conspiracy,PS3,N/A,Action,Vivendi Games
Robotics;Notes,PS3,2012,Adventure,5pb
Rock Band,PS3,N/A,Misc,Electronic Arts
Rock Band 2,PS3,2008,Misc,MTV Games
Rock Band 3,PS3,2010,Misc,MTV Games
Rock Band Country Track Pack,PS3,2009,Misc,MTV Games
Rock Band Country Track Pack 2,PS3,2011,Misc,MTV Games
Rock Band Track Pack Volume 2,PS3,2008,Misc,MTV Games
Rock Band Track Pack: Classic Rock,PS3,2009,Misc,MTV Games
Rock Band: Metal Track Pack,PS3,2009,Misc,MTV Games
Rock of the Dead,PS3,2010,Shooter,Conspiracy Entertainment
Rock Revolution,PS3,N/A,Misc,Unknown
Rocksmith,PS3,2011,Misc,Ubisoft
Rocksmith 2014,"PS4, PS3",2014,Misc,Ubisoft
Rogue Warrior,PS3,2009,Shooter,Bethesda Softworks
Romance of the Three Kingdoms XII,PS3,2012,Strategy,Tecmo Koei
Rugby 15,PS4,2015,Sports,Bigben Interactive
Rugby League Live,PS3,2010,Sports,Home Entertainment Suppliers
Rugby World Cup 2011,PS3,2011,Sports,505 Games
Rune Factory: Tides of Destiny,PS3,2011,Role-Playing,Marvelous Interactive
Ryu Ga Gotoku Kenzan!,PS3,2008,Adventure,Sega
Sacred 2: Fallen Angel,PS3,2009,Role-Playing,Deep Silver
Sacred 3,PS3,2014,Role-Playing,Deep Silver
Saint Seiya: Brave Soldiers,PS3,2013,Fighting,Namco Bandai Games
Saint Seiya: Sanctuary Battle,PS3,2011,Action,Namco Bandai Games
Saints Row 2,PS3,2008,Action,THQ
Saints Row IV,"PS4, PS3",2015,Action,Deep Silver
Saints Row: Gat out of Hell,PS4,2015,Action,Deep Silver
Saints Row: The Third,PS3,2011,Action,THQ
Sakigake!! Otokojuku - Nihon yo Kore ga Otoko Dearu!,PS3,2014,Fighting,Namco Bandai Games
Samurai Warriors 2,PS3,2013,Action,Tecmo Koei
Samurai Warriors 4,"PS4, PS3",2014,Action,Tecmo Koei
SAW,PS3,2009,Action,Konami Digital Entertainment
Saw II: Flesh & Blood,PS3,2010,Action,Konami Digital Entertainment
SBK 2011: FIM Superbike World Championship,PS3,2011,Racing,Black Bean Games
SBK Superbike World Championship,PS3,2008,Racing,Black Bean Games
SBK X: Superbike World Championship,PS3,2010,Racing,Black Bean Games
SBK09 Superbike World Championship,PS3,2009,Racing,Black Bean Games
Scene It? Bright Lights! Big Screen!,PS3,2009,Misc,Warner Bros. Interactive Entertainment
SCORE International Baja 1000: The Official Game,PS3,2008,Racing,Activision
Sega Golf Club: Miyazato San Kyoudai Naizou,PS3,2006,Sports,Sega
Sega Rally Revo,PS3,2007,Racing,Sega
Sega Superstars Tennis,PS3,2008,Sports,Sega
Sengoku Basara 3 Utage,PS3,2011,Action,Capcom
Sengoku Basara 4,PS3,2014,Action,Capcom
Sengoku Basara: Samurai Heroes,PS3,2010,Action,Capcom
Sengoku Musou 3 Empires,PS3,2011,Action,Tecmo Koei
Sengoku Musou 3 Z,PS3,2011,Action,Ackkstudios
Shadow of the Colossus,PS3,2011,Adventure,Sony Computer Entertainment
Shadows of the Damned,PS3,2011,Action,Electronic Arts
Shaun White Skateboarding,PS3,2010,Sports,Ubisoft
Shaun White Snowboarding,PS3,2008,Sports,Ubisoft
ShellShock 2: Blood Trails,PS3,2009,Shooter,Eidos Interactive
Sherlock Holmes: Crimes & Punishments,"PS4, PS3",2014,Adventure,Focus Home Interactive
Shin Dynasty Warriors Gundam,PS3,2013,Action,Tecmo Koei
Shin Kamaitachi no Yoru: 11 Hitome no Suspect,PS3,2011,Adventure,THQ
Shin Koihime Musou: Otome Taisen * Sangokushi Engi,PS3,2014,Adventure,Views
Shin Sangoku Musou Online: Kamishou Ranbu,PS3,2010,Action,Tecmo Koei
Shin Sangoku Musou Online: Souten Ranbu,PS3,2010,Action,Tecmo Koei
Shining Resonance,PS3,2014,Role-Playing,Sega
Shinken de Watashi ni Koi Shinasai! R,PS3,2012,Action,Minato Station
Shrek: Forever After,PS3,2010,Platform,Activision
Sid Meier's Civilization Revolution,PS3,2008,Strategy,Take-Two Interactive
Silent Hill HD Collection,PS3,2012,Action,Konami Digital Entertainment
Silent Hill: Downpour,PS3,2012,Adventure,Konami Digital Entertainment
Silent Hill: Homecoming,PS3,N/A,Action,Konami Digital Entertainment
SingStar,PS3,2007,Misc,Sony Computer Entertainment
SingStar Abba,PS3,2008,Misc,Sony Computer Entertainment
SingStar Apres-Ski Party 2,PS3,2010,Misc,Sony Computer Entertainment
SingStar Chartbreaker,PS3,2009,Misc,Sony Computer Entertainment
SingStar Dance,PS3,2010,Misc,Sony Computer Entertainment
SingStar Fussballhits,PS3,2010,Misc,Sony Computer Entertainment
SingStar Guitar,PS3,2010,Misc,Sony Computer Entertainment
SingStar Latino,PS3,2009,Misc,Sony Computer Entertainment
SingStar Mallorca Party,PS3,2009,Misc,Sony Computer Entertainment
SingStar Motown,PS3,2009,Misc,Sony Computer Entertainment
SingStar Pop Edition,PS3,2009,Misc,Sony Computer Entertainment
SingStar Queen,PS3,2009,Misc,Sony Computer Entertainment
SingStar Take That,PS3,2009,Misc,Sony Computer Entertainment
SingStar Vol. 2,PS3,2008,Misc,Sony Computer Entertainment
SingStar Vol. 3,PS3,2008,Misc,Sony Computer Entertainment
SingStar: Back to the 80s,PS3,2011,Misc,Sony Computer Entertainment
SingStar: Made In Germany,PS3,2009,Misc,Sony Computer Entertainment
Singstar: Ultimate Party,"PS4, PS3",2014,Misc,Sony Computer Entertainment Europe
Singularity,PS3,N/A,Shooter,Unknown
Siren: Blood Curse,PS3,2008,Adventure,Sony Computer Entertainment
Skate,PS3,2007,Sports,Electronic Arts
Skate 2,PS3,2009,Sports,Electronic Arts
Skate 3,PS3,2010,Sports,Electronic Arts
Ski-Doo Snowmobile Challenge,PS3,2009,Racing,PQube
Skylanders Giants,PS3,2012,Action,Activision
Skylanders SWAP Force,"PS4, PS3",2013,Platform,Activision
Skylanders: Spyro's Adventure,PS3,2011,Action,Activision
Skylanders: Trap Team,"PS4, PS3",2014,Action,Activision
Sleeping Dogs,"PS4, PS3",2014,Action,Square Enix
Sly 2: Band of Thieves,PS3,2010,Platform,Sony Computer Entertainment
Sly Cooper: Thieves in Time,PS3,2013,Platform,Sony Computer Entertainment Europe
Sniper Elite 3,"PS4, PS3",2014,Action,505 Games
Sniper Elite V2,PS3,2012,Shooter,505 Games
Sniper: Ghost Warrior,PS3,2011,Shooter,City Interactive
Sniper: Ghost Warrior 2,PS3,2013,Shooter,City Interactive
Soccer Tsuku: Pro Soccer Club o Tsukurou!,PS3,2013,Sports,Sega
SOCOM 4: U.S. Navy SEALs,PS3,2011,Shooter,Sony Computer Entertainment
SOCOM: U.S. Navy SEALs Confrontation,PS3,2008,Shooter,Sony Computer Entertainment
Soldier of Fortune: Payback,PS3,2007,Shooter,Activision
Sonic & All-Stars Racing Transformed,PS3,2012,Racing,Sega
Sonic & SEGA All-Stars Racing,PS3,2010,Racing,Sega
Sonic Generations,PS3,2011,Platform,Sega
Sonic the Hedgehog,"PS4, PS3",2006,Platform,Sega
Sonic Unleashed,PS3,2008,Platform,Sega
Sonic's Ultimate Genesis Collection,PS3,2009,Misc,Sega
Sorcery,PS3,2012,Role-Playing,Sony Computer Entertainment
SoulCalibur IV,PS3,2008,Fighting,Ubisoft
SoulCalibur V,PS3,2012,Fighting,Namco Bandai Games
South Park: The Stick of Truth,PS3,2014,Role-Playing,Ubisoft
Spec Ops: The Line,PS3,2012,Shooter,Take-Two Interactive
Spider-Man 3,PS3,2007,Platform,Activision
Spider-Man: Edge of Time,PS3,2011,Action,Activision
Spider-Man: Shattered Dimensions,PS3,2010,Action,Activision
Spider-Man: Web of Shadows,PS3,2008,Action,Activision
Splatterhouse,PS3,N/A,Action,Namco Bandai Games
Split/Second,PS3,2010,Racing,Disney Interactive Studios
Sports Champions,PS3,2010,Sports,Sony Computer Entertainment
SSX,PS3,2012,Sports,Electronic Arts
Star Ocean: The Last Hope International,PS3,2010,Role-Playing,Square Enix
Star Trek: The Game,PS3,2013,Action,Namco Bandai Games
Star Wars The Clone Wars: Republic Heroes,PS3,2009,Action,LucasArts
Star Wars: The Force Unleashed,PS3,2008,Action,LucasArts
Star Wars: The Force Unleashed II,PS3,2010,Action,LucasArts
Starhawk,PS3,2012,Action,Sony Computer Entertainment
Start the Party!,PS3,2010,Misc,Sony Computer Entertainment
Start the Party! Save the World,PS3,2011,Misc,Sony Computer Entertainment
Steins;Gate,PS3,2012,Adventure,5pb
Steins;Gate: Hiyoku Renri no Darling,PS3,2012,Adventure,5pb
Steins;Gate: Senkei Kousoku no Phonogram,PS3,2013,Adventure,5pb
Stormrise,PS3,2009,Strategy,Sega
Stranglehold,PS3,2007,Shooter,Midway Games
Street Fighter IV,PS3,2009,Fighting,Capcom
Street Fighter X Tekken,PS3,2012,Fighting,Capcom
Strider (2014),PS3,2014,Action,Capcom
Stuntman: Ignition,PS3,2007,Racing,THQ
Summer Challenge: Athletics Tournament,PS3,2011,Sports,PQube
Super Hero Generation,PS3,2014,Role-Playing,Namco Bandai Games
Super Heroine Chronicle,PS3,2014,Role-Playing,Namco Bandai Games
Super Robot Taisen OG Infinite Battle,PS3,2013,Fighting,Namco Bandai Games
Super Robot Taisen OG Saga: Masou Kishin III - Pride of Justice,PS3,2013,Strategy,Namco Bandai Games
Super Robot Wars OG Saga Masou Kishin F: Coffin of the End,PS3,2014,Strategy,Namco Bandai Games
SuperCar Challenge,PS3,2009,Racing,System 3 Arcade Software
Superstars V8 Racing,PS3,2009,Racing,Black Bean Games
Supremacy MMA,PS3,2011,Fighting,505 Games
Surf's Up,PS3,2007,Sports,Ubisoft
Suzumiya Haruhi no Tsuisou,PS3,2011,Adventure,Namco Bandai Games
Syndicate,PS3,2012,Shooter,EA Games
Tales of Graces f,PS3,2010,Role-Playing,Namco Bandai Games
Tales of Symphonia,PS3,2013,Role-Playing,Namco Bandai Games
Tales of Vesperia,PS3,2009,Role-Playing,Namco Bandai Games
Tales of Xillia,PS3,2011,Role-Playing,Namco Bandai Games
Tales of Xillia 2,PS3,2012,Role-Playing,Namco Bandai Games
Tales of Zesteria,PS3,2015,Role-Playing,Namco Bandai Games
Tears to Tiara Gaiden: Avalon no Nazo,PS3,2009,Strategy,Aqua Plus
Tears to Tiara II: Haou no Matsuei,PS3,2013,Role-Playing,Nippon Ichi Software
Tears to Tiara: Kakan no Daichi,PS3,2008,Strategy,Aqua Plus
Teenage Mutant Ninja Turtles: Danger of the Ooze,PS3,2014,Action,Activision
Tekken 6,PS3,2009,Fighting,Namco Bandai Games
Tekken Hybrid,PS3,2011,Fighting,Namco Bandai Games
Tekken Tag Tournament 2,PS3,2012,Fighting,Namco Bandai Games
Terminator Salvation,PS3,2009,Shooter,Warner Bros. Interactive Entertainment
Terraria,PS3,2013,Action,505 Games
Test Drive Unlimited 2,PS3,N/A,Racing,Atari
Test Drive: Ferrari Legends,PS3,2012,Racing,Unknown
The Adventures of Tintin: The Game,PS3,2011,Action,Ubisoft
The Amazing Spider-Man (Console Version),PS3,2012,Action,Activision
The Amazing Spider-Man 2 (2014),"PS4, PS3",2014,Action,Activision
The Beatles: Rock Band,PS3,2009,Misc,MTV Games
The BIGS,PS3,2007,Sports,Take-Two Interactive
The BIGS 2,PS3,2009,Sports,Take-Two Interactive
The Chronicles of Narnia: Prince Caspian,PS3,2008,Action,Disney Interactive Studios
The Chronicles of Riddick: Assault on Dark Athena,PS3,2009,Shooter,Vivendi Games
The Club,PS3,2008,Shooter,Sega
The Crew,PS4,2014,Racing,Ubisoft
The Cursed Crusade,PS3,2011,Action,DTP Entertainment
The Darkness,PS3,2007,Shooter,Take-Two Interactive
The Darkness II,PS3,2012,Shooter,Take-Two Interactive
The Elder Scrolls IV: Oblivion,PS3,2007,Role-Playing,Ubisoft
The Elder Scrolls V: Skyrim,PS3,2011,Role-Playing,Bethesda Softworks
The Evil Within,"PS4, PS3",2014,Action,Bethesda Softworks
The Eye of Judgment,PS3,2007,Misc,Sony Computer Entertainment
The Fight: Lights Out,PS3,2010,Fighting,Sony Computer Entertainment
The God of War Trilogy,PS3,2010,Action,Sony Computer Entertainment
The Godfather II,PS3,2009,Action,Electronic Arts
The Godfather: Dons Edition,PS3,2007,Action,Electronic Arts
The Golden Compass,PS3,2007,Action,Sega
The Guided Fate: Cross Thesis Awakening,PS3,2014,Role-Playing,Nippon Ichi Software
The History Channel: Battle for the Pacific,PS3,2008,Shooter,Activision
The History Channel: Civil War - Secret Missions,PS3,2008,Shooter,Activision
The History Channel: Great Battles - Medieval,PS3,N/A,Strategy,Slitherine Software
The House of the Dead: Overkill - Extended Cut,PS3,2011,Shooter,Sega
The ICO & Shadow of the Colossus Collection,PS3,2011,Adventure,Sony Computer Entertainment
The Idolm@ster 2,PS3,2011,Misc,Namco Bandai Games
The IdolM@ster: Gravure For You! Vol. 6,PS3,2012,Action,Namco Bandai Games
The IdolM@ster: One for All,PS3,2014,Misc,Namco Bandai Games
The Idolmaster: Gravure For You! Vol. 2,PS3,2011,Misc,Namco Bandai Games
The Idolmaster: Gravure For You! Vol. 3,PS3,2011,Misc,Namco Bandai Games
The Idolmaster: Gravure For You! Vol. 4,PS3,2012,Misc,Namco Bandai Games
The Idolmaster: Gravure For You! Vol. 5,PS3,2012,Misc,Namco Bandai Games
The Idolmaster: Gravure For You! Vol.7,PS3,2012,Action,Namco Bandai Games
The Idolmaster: Gravure For You! Vol.8,PS3,2012,Action,Namco Bandai Games
The Idolmaster: Gravure For You! Vol.9,PS3,2012,Action,Namco Bandai Games
The Incredible Hulk,PS3,2008,Action,Sega
The Jak and Daxter Collection,PS3,2012,Platform,Sony Computer Entertainment
The King of Fighters XII,PS3,2009,Fighting,Ignition Entertainment
The King of Fighters XIII,PS3,2011,Fighting,Rising Star Games
The Last Guy,PS3,2009,Action,Sony Computer Entertainment
The Last of Us,"PS4, PS3",2014,Adventure,Sony Computer Entertainment
The Legend of Heroes VI: Sora no Kiseki Second Chapter,PS3,2013,Role-Playing,Falcom Corporation
The Legend of Heroes VI: Sora no Kiseki the 3rd,PS3,2013,Role-Playing,Falcom Corporation
The Legend of Heroes: Sen no Kiseki,PS3,2013,Role-Playing,Nihon Falcom Corporation
The Legend of Heroes: Sen no Kiseki II,PS3,2014,Role-Playing,Nihon Falcom Corporation
The Legend of Spyro: Dawn of the Dragon,PS3,2008,Platform,Vivendi Games
The LEGO Movie Videogame,"PS4, PS3",2014,Action,Warner Bros. Interactive Entertainment
The Lord of the Rings: Aragorn's Quest,PS3,2010,Action,Warner Bros. Interactive Entertainment
The Lord of the Rings: Conquest,PS3,2009,Action,Electronic Arts
The Lord of the Rings: War in the North,PS3,N/A,Action,Warner Bros. Interactive Entertainment
The Orange Box,PS3,2007,Shooter,Electronic Arts
The Penguins of Madagascar: Dr. Blowhole Returns - Again!,PS3,2011,Action,THQ
The Saboteur,PS3,2009,Action,Electronic Arts
The Shoot,PS3,2010,Shooter,Sony Computer Entertainment
The Simpsons Game,PS3,2007,Action,Electronic Arts
The Sims 3,PS3,2010,Simulation,Electronic Arts
The Sly Collection,PS3,2010,Platform,Sony Computer Entertainment
The Smurfs 2,PS3,2013,Action,Ubisoft
The Testament of Sherlock Holmes,PS3,2012,Adventure,Focus Home Interactive
The Tomb Raider Trilogy,PS3,2011,Action,Square Enix
The Walking Dead: A Telltale Games Series,"PS4, PS3",2014,Adventure,Telltale Games
The Walking Dead: Season Two,"PS4, PS3",2014,Adventure,Telltale Games
The Walking Dead: Survival Instinct,PS3,2013,Misc,Activision
The Witch and the Hundred Soldiers,PS3,2013,Role-Playing,Nippon Ichi Software
The Witness,PS4,2014,Puzzle,Unknown
The Wolf Among Us,"PS4, PS3",2014,Adventure,Telltale Games
The X-Factor,PS3,2010,Misc,Deep Silver
Thief (2014),"PS4, PS3",2014,Action,Square Enix
Thor: God of Thunder,PS3,2011,Action,Sega
Tiger Woods PGA Tour 07,PS3,2006,Sports,Electronic Arts
Tiger Woods PGA Tour 08,PS3,2007,Sports,Electronic Arts
Tiger Woods PGA Tour 09,PS3,2008,Sports,Electronic Arts
Tiger Woods PGA Tour 10,PS3,2009,Sports,Electronic Arts
Tiger Woods PGA Tour 11,PS3,2010,Sports,Electronic Arts
Tiger Woods PGA Tour 12: The Masters,PS3,2011,Sports,Electronic Arts
Tiger Woods PGA Tour 13,PS3,2012,Sports,Electronic Arts
Tiger Woods PGA Tour 14,PS3,2013,Sports,Electronic Arts
Time Crisis 4,PS3,2007,Shooter,Namco Bandai Games
Time Crisis: Razing Storm,PS3,2010,Shooter,Namco Bandai Games
TimeShift,PS3,2007,Shooter,Vivendi Games
TNA iMPACT!,PS3,2008,Fighting,Midway Games
To Heart 2 DX Plus,PS3,2011,Adventure,Aqua Plus
Tokitowa: Time and Eternity,PS3,2012,Action,Nippon Ichi Software
Tokyo Jungle,PS3,2012,Action,Sony Computer Entertainment
Tom Clancy's EndWar,PS3,2008,Strategy,Ubisoft
Tom Clancy's Ghost Recon Advanced Warfighter 2,PS3,2007,Shooter,Ubisoft
Tom Clancy's Ghost Recon: Future Soldier,PS3,2012,Shooter,Ubisoft
Tom Clancy's HAWX,PS3,2009,Action,Ubisoft
Tom Clancy's HAWX 2,PS3,2010,Action,Ubisoft
Tom Clancy's Rainbow Six: Vegas,PS3,2007,Shooter,Ubisoft
Tom Clancy's Rainbow Six: Vegas 2,PS3,2008,Shooter,Ubisoft
Tom Clancy's Splinter Cell Trilogy,PS3,2011,Action,Ubisoft
Tom Clancy's Splinter Cell: Blacklist,PS3,2013,Action,Ubisoft
Tom Clancy's Splinter Cell: Double Agent,PS3,2007,Action,Ubisoft
Tomb Raider (2013),"PS4, PS3",2014,Action,Square Enix
Tomb Raider: Underworld,PS3,2008,Adventure,Eidos Interactive
Tony Hawk: RIDE,PS3,2009,Sports,Activision
Tony Hawk: Shred,PS3,2010,Sports,Activision
Tony Hawk's Project 8,PS3,2006,Sports,Activision
Tony Hawk's Proving Ground,PS3,2007,Sports,Activision
Top Gun,PS3,2011,Simulation,505 Games
Top Gun: Hard Lock,PS3,2012,Action,505 Games
Top Spin 3,PS3,2008,Sports,Take-Two Interactive
Top Spin 4,PS3,2011,Sports,Take-Two Interactive
Tornado Outbreak,PS3,2009,Action,Konami Digital Entertainment
Toro to Morimori,PS3,2009,Misc,Sony Computer Entertainment
Touch Shot! Love Application,PS3,2012,Adventure,Compile Heart
Tour de France 2014,PS4,2014,Sports,Focus Home Interactive
Toy Story 3: The Video Game,PS3,2010,Action,Disney Interactive Studios
Transformer: Rise of the Dark Spark,"PS4, PS3",2014,Action,Activision
Transformers: Dark of the Moon,PS3,2011,Action,Activision
Transformers: Fall of Cybertron,PS3,2012,Action,Activision
Transformers: Revenge of the Fallen,PS3,2009,Action,Activision
Transformers: The Game,PS3,2007,Action,Activision
Transformers: War for Cybertron,PS3,2010,Action,Activision
Trials Fusion,PS4,2014,Racing,Ubisoft
Trinity Universe,PS3,2009,Role-Playing,Nippon Ichi Software
TRINITY: Souls of Zill O'll,PS3,2010,Role-Playing,Ubisoft Annecy
Trivial Pursuit,PS3,2009,Misc,Electronic Arts
TRON: Evolution,PS3,2010,Action,Disney Interactive Studios
Tropico 5,PS4,2014,Action,Kalypso Media
Truth or Lies,PS3,2010,Misc,THQ
Tsukigime Ranko's Longest Day,PS3,2014,Action,Namco Bandai Games
Turbo: Super Stunt Squad,PS3,2013,Sports,D3Publisher
Turning Point: Fall of Liberty,PS3,2008,Shooter,Codemasters
Turok,PS3,2008,Shooter,Touchstone
TV Superstars,PS3,2010,Misc,Sony Computer Entertainment
Twisted Metal (2012),PS3,2012,Action,Sony Computer Entertainment
Two Worlds II,PS3,2011,Role-Playing,Unknown
UEFA Euro 2008 Austria-Switzerland,PS3,2008,Sports,Electronic Arts
UFC 2009 Undisputed,PS3,2009,Fighting,THQ
UFC Personal Trainer: The Ultimate Fitness System,PS3,2011,Sports,THQ
UFC Undisputed 2010,PS3,2010,Fighting,THQ
UFC Undisputed 3,PS3,2012,Fighting,THQ
Ultimate Marvel vs. Capcom 3,PS3,2011,Fighting,Capcom
Umineko no Naku Koro ni San: Shinjitsu to Gensou no Yasoukyoku,PS3,N/A,Adventure,N/A
Umineko no Naku Koro ni: Majo to Suiri no Rinbukyoku,PS3,2010,Adventure,Alchemist
Uncharted 2: Among Thieves,PS3,2009,Action,Sony Computer Entertainment
Uncharted 3: Drake's Deception,PS3,2011,Action,Sony Computer Entertainment
Uncharted: Drake's Fortune,PS3,2007,Action,Sony Computer Entertainment
Under Night In-Birth,PS3,2014,Fighting,Nippon Ichi Software
Unreal Tournament III,PS3,2007,Shooter,Midway Games
Untold Legends: Dark Kingdom,PS3,2006,Role-Playing,Electronic Arts
Up,PS3,2009,Adventure,THQ
Valkyria Chronicles,PS3,2008,Role-Playing,Sega
Vampire Rain: Altered Species,PS3,2008,Action,Ignition Entertainment
Vancouver 2010 - The Official Video Game of the Olympic Winter Games,PS3,2010,Sports,Sega
Vanquish,PS3,2010,Adventure,Sega
Venetica,PS3,2010,Role-Playing,DTP Entertainment
Viking: Battle for Asgard,PS3,2008,Action,Sega
Vin Diesel: Wheelman,PS3,2009,Racing,Ubisoft
Virtua Fighter 5,PS3,2007,Fighting,Sega
Virtua Tennis 2009,PS3,2009,Sports,Sega
Virtua Tennis 3,PS3,2007,Sports,Sega
Virtua Tennis 4,PS3,2011,Sports,Sega
Wall-E,PS3,2008,Platform,THQ
Wangan Midnight,PS3,2007,Racing,Genki
Wanted: Weapons of Fate,PS3,2009,Shooter,Warner Bros. Interactive Entertainment
"Warhammer 40,000: Space Marine",PS3,2011,Shooter,THQ
Warhawk,PS3,2007,Simulation,Sony Computer Entertainment
Warriors Orochi 3,"PS4, PS3",2014,Action,Tecmo Koei
Warriors: Legends of Troy,PS3,2011,Action,Tecmo Koei
Watch Dogs,"PS4, PS3",2014,Action,Ubisoft
Watchmen: The End is Nigh - The Complete Experience,PS3,2009,Action,Warner Bros. Interactive Entertainment
Way of the Samurai 3,PS3,2008,Action,Gamebridge
Way of the Samurai 4,PS3,2011,Action,Nippon Ichi Software
Wet,PS3,2009,Shooter,Bethesda Softworks
Where the Wild Things Are,PS3,2009,Platform,Warner Bros. Interactive Entertainment
White Album 2: Shiawase no Mukougawa,PS3,2012,Adventure,Aqua Plus
White Album: Tsuzurareru Fuyu no Omoide,PS3,2010,Adventure,Aqua Plus
White Knight Chronicles II,PS3,2010,Role-Playing,Sony Computer Entertainment
White Knight Chronicles: International Edition,PS3,2008,Role-Playing,Sony Computer Entertainment
Winning Post 7 2010,PS3,2010,Sports,Tecmo Koei
Winning Post 7 2012,PS3,2012,Sports,Ackkstudios
Winning Post 7 2013,PS3,2013,Sports,Tecmo Koei
Winning Post 7 Maximum 2008,PS3,2008,Sports,Tecmo Koei
Winning Post 7: Maximum 2007,PS3,2007,Sports,Tecmo Koei
Winning Post 8,PS3,2014,Action,Tecmo Koei
Winning Post World,PS3,2009,Sports,Tecmo Koei
Winning Post World 2010,PS3,2010,Sports,Tecmo Koei
Winter Sports 2011,PS3,2011,Sports,DTP Entertainment
Winter Sports 3: The Great Tournament,PS3,2010,Sports,Tradewest
Winter Stars,PS3,2011,Sports,Deep Silver
Wipeout 2,PS3,2011,Misc,Activision
WipEout HD Fury,PS3,2009,Racing,Sony Computer Entertainment
Wizardry Twin Pack,PS3,2011,Role-Playing,Acquire
Wolfenstein,PS3,2009,Shooter,Activision
Wolfenstein: The New Order,"PS4, PS3",2014,Shooter,Bethesda Softworks
World Series of Poker 2008: Battle for the Bracelets,PS3,2007,Misc,Activision
World Snooker Championship 2007,PS3,2007,Sports,Sega
World Soccer Winning Eleven 2010: Aoki Samurai no Chousen,PS3,2010,Sports,Konami Digital Entertainment
Worms,PS3,2009,Strategy,Sony Computer Entertainment
WRC 2: FIA World Rally Championship,PS3,2011,Racing,Ubisoft
WRC: FIA World Rally Championship,PS3,N/A,Racing,Black Bean Games
WSC REAL 09: World Snooker Championship,PS3,2009,Sports,Deep Silver
WSC Real 11: World Snooker Championship,PS3,2011,Sports,Koch Media
WWE '12,PS3,2011,Fighting,THQ
WWE '13,PS3,2012,Action,THQ
WWE 2K14,PS3,2013,Sports,Take-Two Interactive
WWE 2K15,"PS4, PS3",2014,Sports,Take-Two Interactive
WWE All Stars,PS3,2011,Fighting,THQ
WWE SmackDown vs Raw 2008,PS3,2007,Fighting,THQ
WWE SmackDown vs. Raw 2009,PS3,2008,Fighting,THQ
WWE SmackDown vs. Raw 2010,PS3,2009,Fighting,THQ
WWE SmackDown vs. Raw 2011,PS3,2010,Fighting,THQ
X-Blades,PS3,2009,Action,SouthPeak Games
X-Men Origins: Wolverine - Uncaged Edition,PS3,2009,Action,Activision
X-Men: Destiny,PS3,2011,Action,Activision
XBLAZE Code: Embryo,PS3,2013,Adventure,Arc System Works
XCOM,PS3,2013,Shooter,Take-Two Interactive
XCOM: Enemy Unknown,PS3,2012,Strategy,Take-Two Interactive
Yaiba: Ninja Gaiden Z,PS3,2014,Action,Tecmo Koei
Yakuza,PS3,2012,Adventure,Sega
Yakuza 3,PS3,2009,Adventure,Sega
Yakuza 4,PS3,N/A,Adventure,Sega
Yakuza 5,PS3,2012,Action,Sega
Yakuza: Dead Souls,PS3,2011,Shooter,Sega
Yakuza: Ishin,"PS4, PS3",2014,Action,Sega
Yoostar2,PS 3,2011,Misc,Unknown
You Don't Know Jack,PS3,2011,Misc,THQ
Young Justice: Legacy,PS3,2013,Adventure,Namco Bandai Games
Zillions of Enemy X: Zetsukai no Crusade,PS3,2013,Role-Playing,Nippon Ichi Software
Zone of the Enders HD Collection,PS3,2012,Simulation,Konami Digital Entertainment
Zumba Fitness,PS3,2010,Sports,505 Games
