Pos,Game,Platform,Year,Genre,Publisher,North America,Europe,Japan,Rest of World,Global
1,Kinect Adventures!,X360,2010,Misc,Microsoft Game Studios,14.7,4.85,0.24,1.63,21.42
2,Grand Theft Auto V,X360,2013,Action,Take-Two Interactive,8.76,4.9,0.06,1.24,14.96
3,Call of Duty: Modern Warfare 3,X360,2011,Shooter,Activision,8.87,4.18,0.13,1.29,14.47
4,Call of Duty: Black Ops,X360,2010,Shooter,Activision,9.43,3.63,0.11,1.09,14.26
5,Call of Duty: Modern Warfare 2,X360,2009,Shooter,Activision,8.45,3.56,0.08,1.27,13.36
6,Call of Duty: Black Ops II,X360,2012,Shooter,Activision,7.97,4.15,0.06,1.08,13.26
7,Halo 3,X360,2007,Shooter,Microsoft Game Studios,7.88,2.8,0.13,1.19,12.01
8,Grand Theft Auto IV,X360,2008,Action,Take-Two Interactive,6.66,3.06,0.14,1.01,10.86
9,Halo: Reach,X360,2010,Shooter,Microsoft Game Studios,6.94,1.92,0.08,0.77,9.7
10,Call of Duty: Ghosts,X360,2013,Shooter,Activision,6.24,2.46,0.04,0.73,9.47
11,Halo 4,X360,2012,Shooter,Microsoft Game Studios,6.43,2.22,0.04,0.7,9.39
12,Call of Duty 4: Modern Warfare,X360,2007,Shooter,Activision,5.82,2.34,0.13,0.88,9.16
13,The Elder Scrolls V: Skyrim,X360,2011,Role-Playing,Bethesda Softworks,4.71,2.72,0.1,0.8,8.34
14,Battlefield 3,X360,2011,Shooter,Electronic Arts,4.39,2.1,0.06,0.68,7.24
15,Call of Duty: World at War,X360,2008,Shooter,Activision,4.68,1.85,0,0.67,7.2
16,MineCraft,X360,2013,Adventure,Microsoft Game Studios,4.27,2.11,0.02,0.56,6.96
17,Gears of War 2,X360,2008,Shooter,Microsoft Game Studios,4.12,1.9,0.06,0.63,6.71
18,Halo 3: ODST,X360,2009,Shooter,Microsoft Game Studios,4.3,1.33,0.06,0.61,6.29
19,Red Dead Redemption,X360,2010,Action,Take-Two Interactive,3.6,1.9,0.09,0.56,6.16
20,Gears of War 3,X360,2011,Shooter,Microsoft Game Studios,3.99,1.57,0.07,0.49,6.12
21,Gears of War,X360,2006,Shooter,Microsoft Game Studios,3.52,1.88,0.07,0.6,6.07
22,Kinect Sports,X360,2010,Sports,Microsoft Game Studios,3.82,1.7,0.03,0.49,6.04
23,Assassin's Creed,X360,2007,Adventure,Ubisoft,3.22,1.65,0.07,0.55,5.49
24,Forza Motorsport 3,X360,2009,Racing,Microsoft Game Studios,2.96,1.89,0.1,0.5,5.46
25,Assassin's Creed II,X360,2009,Action,Ubisoft,3.05,1.55,0.08,0.51,5.19
26,Assassin's Creed III,X360,2012,Action,Ubisoft,3.01,1.69,0.03,0.43,5.15
27,FIFA Soccer 13,X360,2012,Action,Electronic Arts,1.05,3.47,0.03,0.58,5.13
28,Fable III,X360,2010,Role-Playing,Microsoft Game Studios,3.54,1.07,0.05,0.37,5.04
29,Batman: Arkham City,X360,2011,Action,Warner Bros. Interactive Entertainment,2.87,1.25,0.04,0.39,4.56
30,Fallout 3,X360,2008,Role-Playing,Bethesda Softworks,3.08,0.96,0.09,0.4,4.53
31,Guitar Hero III: Legends of Rock,X360,2007,Misc,Activision,3.16,0.91,0.01,0.41,4.49
32,Forza Motorsport 4,X360,2011,Racing,Microsoft Game Studios,1.98,1.93,0.06,0.45,4.42
33,The Elder Scrolls IV: Oblivion,X360,2006,Role-Playing,Take-Two Interactive,2.73,1.02,0.13,0.38,4.26
34,Fable II,X360,2008,Role-Playing,Microsoft Game Studios,2.48,1.22,0.11,0.41,4.23
35,FIFA Soccer 14,X360,2013,Sports,Electronic Arts,0.87,2.87,0.01,0.48,4.22
36,FIFA Soccer 12,X360,2011,Sports,Electronic Arts,0.81,2.78,0.02,0.53,4.15
37,Assassin's Creed: Revelations,X360,2011,Action,Ubisoft,2.2,1.47,0.04,0.43,4.14
38,Forza Motorsport 2,X360,2007,Racing,Microsoft Game Studios,2.33,1.27,0.03,0.41,4.03
39,Left 4 Dead 2,X360,2009,Shooter,Electronic Arts,2.59,0.86,0.05,0.36,3.87
40,Fallout: New Vegas,X360,2010,Role-Playing,Bethesda Softworks,2.43,1.01,0.04,0.29,3.78
41,LEGO Indiana Jones: The Original Adventures,X360,2008,Adventure,Activision,2.37,1,0,0.35,3.72
42,Call of Duty: Advanced Warfare,X360,2014,Shooter,Activision,2.34,0.97,0,0.28,3.59
43,FIFA Soccer 11,X360,2010,Sports,Electronic Arts,0.69,2.39,0.02,0.4,3.51
44,Left 4 Dead,X360,2008,Shooter,Electronic Arts,2.63,0.49,0.05,0.29,3.47
45,Resident Evil 5,X360,2009,Action,Capcom,2.06,0.92,0.12,0.33,3.44
46,Battlefield: Bad Company 2,X360,2010,Shooter,Electronic Arts,2.07,1,0.04,0.32,3.43
47,Assassin's Creed: Brotherhood,X360,2010,Action,Ubisoft,2.77,0.38,0.03,0.23,3.4
48,Batman: Arkham Asylum,X360,2009,Action,Eidos Interactive,2.13,0.94,0.02,0.29,3.39
49,Borderlands,X360,2009,Shooter,Take-Two Interactive,2.31,0.71,0.03,0.28,3.33
50,LEGO Batman: The Videogame,X360,2008,Adventure,Warner Bros. Interactive Entertainment,1.97,1.01,0,0.31,3.29
51,Battlefield 4,X360,2013,Shooter,Electronic Arts,2.04,0.91,0.02,0.25,3.22
52,Dance Central,X360,2010,Misc,MTV Games,2.09,0.76,0.01,0.25,3.11
53,Assassin's Creed IV: Black Flag,X360,2013,Action,Ubisoft,1.73,1.1,0.01,0.26,3.11
54,Mass Effect 2,X360,2010,Role-Playing,Electronic Arts,1.97,0.8,0.03,0.27,3.07
55,Kung Fu Panda,X360,2008,Platform,Activision,1.9,0.84,0,0.29,3.03
56,Mass Effect 3,X360,2012,Role-Playing,Electronic Arts,1.88,0.82,0.03,0.23,2.97
57,Saints Row 2,X360,2008,Action,THQ,1.88,0.79,0.02,0.27,2.96
58,Borderlands 2,X360,2012,Shooter,Take-Two Interactive,1.82,0.87,0.04,0.23,2.95
59,Far Cry 3,X360,2012,Shooter,Ubisoft,1.34,1.31,0.02,0.27,2.95
60,NBA 2K13,X360,2012,Action,Take-Two Interactive,2.52,0.2,0.01,0.18,2.9
61,Sega Superstars Tennis,X360,2008,Sports,Sega,1.75,0.86,0,0.28,2.89
62,Mass Effect,X360,2007,Role-Playing,Microsoft Game Studios,1.8,0.78,0.03,0.26,2.87
63,Street Fighter IV,X360,2009,Fighting,Capcom,1.76,0.69,0.15,0.25,2.85
64,Madden NFL 10,X360,2009,Sports,Electronic Arts,2.51,0.09,0,0.22,2.81
65,Madden NFL 13,X360,2012,Sports,Electronic Arts,2.48,0.15,0,0.17,2.8
66,BioShock,X360,2007,Shooter,Take-Two Interactive,1.61,0.85,0.05,0.27,2.78
67,Saints Row: The Third,X360,2011,Action,THQ,1.21,1.14,0.07,0.3,2.71
68,Star Wars: The Force Unleashed,X360,2008,Action,LucasArts,1.67,0.76,0,0.25,2.68
69,Call of Duty 3,X360,2006,Shooter,Activision,1.47,0.91,0.02,0.27,2.67
70,FIFA 15,X360,2014,Sports,Electronic Arts,0.6,1.76,0,0.3,2.66
71,Madden NFL 12,X360,2011,Sports,Electronic Arts,2.39,0.11,0,0.16,2.65
72,Madden NFL 11,X360,2010,Sports,Electronic Arts,2.35,0.12,0,0.18,2.64
73,Guitar Hero: World Tour,X360,2008,Misc,Activision,1.75,0.63,0,0.24,2.63
74,L.A. Noire,X360,2011,Adventure,Take-Two Interactive,1.45,0.91,0.02,0.23,2.61
75,FIFA Soccer 10,X360,2009,Sports,Electronic Arts,0.58,1.78,0.01,0.23,2.6
76,Medal of Honor,X360,2010,Shooter,Electronic Arts,1.52,0.8,0.04,0.21,2.57
77,NBA 2K12,X360,2011,Sports,Take-Two Interactive,2.26,0.14,0.01,0.15,2.56
78,Dragon Age: Origins,X360,2009,Role-Playing,Electronic Arts,1.73,0.55,0.03,0.22,2.52
79,Madden NFL 09,X360,2008,Sports,Electronic Arts,2.2,0.12,0,0.2,2.52
80,Halo Wars,X360,2009,Strategy,Microsoft Game Studios,1.45,0.79,0.04,0.23,2.51
81,Grand Theft Auto: Episodes from Liberty City,X360,2009,Adventure,Take-Two Interactive,0.99,1.21,0.03,0.27,2.49
82,Marvel: Ultimate Alliance,X360,2006,Role-Playing,Activision,2.28,0.02,0,0.19,2.48
83,Pure,X360,2008,Racing,Disney Interactive Studios,1.37,0.84,0,0.24,2.46
84,Rock Band,X360,N/A,Misc,Electronic Arts,1.91,0.33,0,0.21,2.45
85,Tom Clancy's Rainbow Six: Vegas 2,X360,2008,Shooter,Ubisoft,1.54,0.6,0.02,0.23,2.39
86,Madden NFL 08,X360,2007,Sports,Electronic Arts,2.17,0.01,0,0.18,2.36
87,LEGO Star Wars: The Complete Saga,X360,2007,Action,LucasArts,1.4,0.74,0,0.22,2.36
88,Halo: Combat Evolved Anniversary,X360,2011,Shooter,Microsoft Game Studios,1.39,0.69,0.04,0.22,2.34
89,Dead Island,X360,2011,Action,Deep Silver,1.45,0.69,0,0.19,2.33
90,Kinect: Disneyland Adventures,X360,2011,Misc,Microsoft Game Studios,1.69,0.42,0.02,0.17,2.29
91,Zumba Fitness,X360,2010,Sports,505 Games,1.67,0.44,0,0.17,2.28
92,Kinect Sports: Season Two,X360,2011,Sports,Microsoft Game Studios,1.34,0.71,0.02,0.21,2.28
93,Skate 3,X360,2010,Sports,Electronic Arts,1.24,0.83,0,0.21,2.28
94,NBA 2K14,X360,2013,Sports,Take-Two Interactive,1.94,0.18,0,0.14,2.27
95,Midnight Club: Los Angeles,X360,2008,Racing,Take-Two Interactive,1.6,0.45,0.01,0.19,2.25
96,Rock Band 2,X360,2008,Misc,Electronic Arts,1.76,0.23,0,0.18,2.18
97,Saints Row,X360,2006,Action,THQ,1.16,0.77,0.02,0.22,2.17
98,Need for Speed: Hot Pursuit,X360,2010,Racing,Electronic Arts,1,0.96,0,0.2,2.16
99,BioShock 2,X360,2010,Shooter,Take-Two Interactive,1.42,0.54,0.02,0.19,2.16
100,Guitar Hero II,X360,2007,Misc,Activision,1.97,0.02,0,0.16,2.15
101,The Sims 3,X360,2010,Simulation,Electronic Arts,1.16,0.76,0,0.19,2.12
102,Final Fantasy XIII,X360,2010,Role-Playing,Square Enix,1.23,0.66,0.01,0.2,2.11
103,Madden NFL 25,X360,2013,Sports,Electronic Arts,1.89,0.06,0,0.12,2.06
104,Dead Rising,X360,2006,Action,Capcom,1.13,0.64,0.08,0.2,2.06
105,UFC 2009 Undisputed,X360,2009,Fighting,THQ,1.47,0.39,0,0.18,2.05
106,NBA 2K11,X360,2010,Sports,Take-Two Interactive,1.81,0.11,0.01,0.12,2.05
107,Need for Speed: ProStreet,X360,2007,Racing,Electronic Arts,1.03,0.78,0.01,0.21,2.04
108,Tom Clancy's Splinter Cell: Conviction,X360,2010,Action,Ubisoft,1.18,0.62,0.04,0.19,2.03
109,PGR4 - Project Gotham Racing 4,X360,2007,Racing,Microsoft Game Studios,0.47,1.27,0.02,0.25,2.02
110,Dance Central 2,X360,2011,Misc,Microsoft Game Studios,1.42,0.41,0.01,0.16,2.01
111,Just Dance 3,X360,2011,Misc,Ubisoft,1.45,0.38,0,0.16,1.99
112,Mortal Kombat,X360,2011,Fighting,Warner Bros. Interactive Entertainment,1.54,0.3,0,0.13,1.98
113,Call of Duty 2,X360,2005,Shooter,Activision,1.77,0.04,0.01,0.15,1.96
114,FIFA Soccer 09,X360,2008,Sports,Electronic Arts,0.49,1.26,0.01,0.18,1.94
115,Tom Clancy's Rainbow Six: Vegas,X360,2006,Shooter,Ubisoft,1.07,0.65,0.02,0.19,1.94
116,Portal 2,X360,2011,Shooter,Valve Software,1.29,0.47,0.01,0.15,1.93
117,Need for Speed: Shift,X360,2009,Racing,Electronic Arts,0.72,0.95,0.01,0.22,1.9
118,Forza: Horizon,X360,2012,Racing,Microsoft Game Studios,0.78,0.89,0.04,0.18,1.89
119,Resident Evil 6,X360,2012,Action,Capcom,1.07,0.59,0.07,0.15,1.88
120,BioShock Infinite,X360,2013,Shooter,Take-Two Interactive,1.15,0.52,0.02,0.14,1.84
121,Tomb Raider (2013),X360,2013,Action,Square Enix,0.82,0.83,0.01,0.17,1.83
122,Madden NFL 07,X360,2006,Sports,Electronic Arts,1.66,0,0.01,0.13,1.79
123,The Orange Box,X360,2007,Shooter,Electronic Arts,1.07,0.53,0.02,0.17,1.79
124,Mortal Kombat vs DC Universe,X360,2008,Fighting,Midway Games,1.4,0.23,0,0.14,1.77
125,Lego Marvel Super Heroes,X360,2013,Action,Warner Bros. Interactive Entertainment,0.93,0.68,0,0.15,1.76
126,Crackdown,X360,2007,Shooter,Microsoft Game Studios,0.99,0.53,0.03,0.18,1.73
127,Batman: Arkham Origins,X360,2013,Action,Warner Bros. Interactive Entertainment,1.04,0.52,0,0.14,1.7
128,Hitman: Absolution,X360,2012,Action,Square Enix,0.65,0.86,0.01,0.17,1.68
129,Dishonored,X360,2012,Shooter,Bethesda Softworks,1.03,0.49,0.01,0.13,1.66
130,Kinect Star Wars,X360,2012,Action,Microsoft Game Studios,0.99,0.5,0.03,0.13,1.66
131,Madden NFL 15,X360,2014,Sports,Electronic Arts,1.5,0.05,0,0.09,1.65
132,Need For Speed: Undercover,X360,2008,Racing,Electronic Arts,0.76,0.7,0.01,0.18,1.64
133,Need for Speed Carbon,X360,2006,Racing,Electronic Arts,0.74,0.69,0.02,0.18,1.62
134,Army of Two,X360,2008,Shooter,Electronic Arts,1.07,0.37,0.02,0.15,1.62
135,Viva Pinata,X360,2006,Simulation,Microsoft Game Studios,0.44,0.95,0.02,0.2,1.61
136,Max Payne 3,X360,2012,Shooter,Take-Two Interactive,0.83,0.6,0.01,0.14,1.58
137,Far Cry 2,X360,2008,Shooter,Ubisoft,0.7,0.69,0.02,0.18,1.58
138,LEGO Batman 2: DC Super Heroes,X360,2012,Action,Warner Bros. Interactive Entertainment,0.85,0.59,0,0.14,1.58
139,Rage,X360,2011,Shooter,Bethesda Softworks,0.8,0.59,0.03,0.15,1.57
140,Kinectimals,X360,2010,Simulation,Microsoft Game Studios,0.98,0.45,0,0.13,1.57
141,Just Cause 2,X360,2010,Action,Square Enix,0.55,0.82,0.02,0.17,1.56
142,SoulCalibur IV,X360,2008,Fighting,Ubisoft,0.9,0.43,0.07,0.15,1.56
143,Saints Row IV,X360,2013,Action,Deep Silver,0.93,0.48,0.01,0.13,1.55
144,Destiny,X360,2014,Action,Activision,1.04,0.39,0,0.12,1.54
145,Tom Clancy's Ghost Recon Advanced Warfighter,X360,2006,Shooter,Ubisoft,1.39,0.02,0.02,0.1,1.52
146,Gears of War: Judgment,X360,2013,Shooter,Microsoft Game Studios,0.88,0.48,0.03,0.12,1.52
147,Need for Speed: Most Wanted - A Criterion Game,X360,2012,Racing,Electronic Arts,0.58,0.78,0.01,0.15,1.52
148,Dead Space 2,X360,2011,Shooter,Electronic Arts,0.92,0.44,0,0.12,1.48
149,Mafia II,X360,2010,Action,Take-Two Interactive,0.78,0.55,0,0.14,1.47
150,007: Quantum of Solace,X360,2008,Action,Activision,0.81,0.5,0.01,0.14,1.46
151,Dead Rising 2,X360,2010,Action,Capcom,0.73,0.52,0.09,0.12,1.46
152,Fight Night Round 3,X360,2006,Fighting,Electronic Arts,1.31,0.03,0.01,0.1,1.45
153,Battlefield: Bad Company,X360,2008,Shooter,Electronic Arts,0.8,0.45,0.04,0.15,1.44
154,Homefront,X360,2011,Shooter,THQ,0.82,0.48,0.02,0.12,1.44
155,Tom Clancy's Ghost Recon: Future Soldier,X360,2012,Shooter,Ubisoft,0.9,0.4,0.02,0.11,1.43
156,WWE SmackDown vs Raw 2008,X360,2007,Fighting,THQ,0.91,0.38,0,0.13,1.42
157,LEGO Harry Potter: Years 1-4,X360,2010,Adventure,Warner Bros. Interactive Entertainment,0.87,0.43,0,0.12,1.42
158,LEGO Star Wars III: The Clone Wars,X360,2011,Action,LucasArts,0.81,0.48,0,0.12,1.42
159,Kinect Joy Ride,X360,2010,Racing,Microsoft Game Studios,0.88,0.39,0,0.11,1.39
160,Fight Night Round 4,X360,2009,Fighting,Electronic Arts,0.93,0.33,0,0.13,1.38
161,Dead Space,X360,2008,Action,Electronic Arts,0.86,0.38,0,0.13,1.37
162,Star Wars: The Force Unleashed II,X360,2010,Action,LucasArts,0.9,0.36,0,0.11,1.37
163,FIFA Soccer 08,X360,2007,Sports,Electronic Arts,0.31,0.89,0.01,0.14,1.34
164,Need for Speed: The Run,X360,2011,Racing,Electronic Arts,0.61,0.57,0,0.15,1.33
165,Lost Planet: Extreme Condition,X360,2006,Shooter,Capcom,1.08,0.04,0.1,0.1,1.33
166,Burnout Paradise,X360,2008,Racing,Electronic Arts,0.61,0.57,0.01,0.14,1.33
167,Devil May Cry 4,X360,2008,Action,Capcom,0.78,0.34,0.08,0.13,1.33
168,Deus Ex: Human Revolution,X360,2011,Shooter,Square Enix,0.73,0.46,0.02,0.12,1.33
169,Sonic's Ultimate Genesis Collection,X360,2009,Misc,Sega,0.79,0.41,0,0.12,1.31
170,Crysis 2,X360,2011,Shooter,Electronic Arts,0.68,0.49,0.02,0.12,1.3
171,The Beatles: Rock Band,X360,2009,Misc,MTV Games,0.97,0.23,0,0.11,1.3
172,UFC Undisputed 2010,X360,2010,Fighting,THQ,0.88,0.3,0,0.11,1.3
173,Alan Wake,X360,2010,Action,Microsoft Game Studios,0.64,0.49,0.05,0.12,1.3
174,[Prototype],X360,2009,Action,Activision,0.82,0.35,0,0.12,1.29
175,Your Shape: Fitness Evolved,X360,2010,Sports,Ubisoft,0.77,0.41,0,0.11,1.29
176,Disney Infinity,X360,2013,Action,Disney Interactive Studios,0.86,0.33,0,0.1,1.29
177,Sonic Generations,X360,2011,Platform,Sega,0.64,0.51,0,0.13,1.28
178,Tekken 6,X360,2009,Fighting,Namco Bandai Games,0.7,0.4,0.05,0.12,1.27
179,NBA 2K9,X360,2008,Sports,Take-Two Interactive,1,0.16,0,0.11,1.27
180,Injustice: Gods Among Us,X360,2013,Fighting,Warner Bros. Interactive Entertainment,0.87,0.29,0,0.09,1.25
181,WWE '12,X360,2011,Fighting,THQ,0.73,0.4,0,0.12,1.25
182,Skylanders Giants,X360,2012,Action,Activision,0.71,0.44,0,0.11,1.25
183,WWE '13,X360,2012,Action,THQ,0.69,0.44,0,0.11,1.23
184,Diablo III,X360,2013,Role-Playing,Activision,0.75,0.37,0,0.1,1.22
185,Titanfall,X360,2014,Shooter,Electronic Arts,0.77,0.33,0.02,0.09,1.21
186,Guitar Hero: Aerosmith,X360,2008,Misc,Activision,0.98,0.13,0,0.1,1.21
187,Need for Speed: Most Wanted,X360,2005,Racing,Electronic Arts,0.96,0.1,0.02,0.09,1.17
188,LEGO The Lord of the Rings,X360,2012,Action,Warner Bros. Interactive Entertainment,0.58,0.48,0,0.1,1.16
189,Mirror's Edge,X360,2008,Action,Electronic Arts,0.49,0.51,0.01,0.13,1.14
190,Skylanders SWAP Force,X360,2013,Platform,Activision,0.72,0.33,0,0.09,1.14
191,NBA 2K15,X360,2014,Sports,Take-Two Interactive,0.97,0.09,0,0.07,1.13
192,Just Dance 4,X360,2012,Misc,Ubisoft,0.86,0.19,0,0.08,1.13
193,Sniper: Ghost Warrior,X360,2010,Shooter,City Interactive,0.52,0.5,0,0.11,1.13
194,Watch Dogs,X360,2014,Action,Ubisoft,0.64,0.39,0,0.1,1.13
195,Your Shape: Fitness Evolved 2012,X360,2011,Sports,Ubisoft,0.66,0.35,0,0.1,1.11
196,Guitar Hero 5,X360,2009,Misc,Activision,0.64,0.36,0,0.11,1.11
197,Crackdown 2,X360,2010,Shooter,Microsoft Game Studios,0.62,0.36,0.02,0.1,1.1
198,Medal of Honor: Warfighter,X360,2012,Action,Electronic Arts,0.55,0.44,0.01,0.1,1.1
199,The LEGO Movie Videogame,X360,2014,Action,Warner Bros. Interactive Entertainment,0.58,0.42,0,0.1,1.09
200,Dragon Age II,X360,2011,Role-Playing,Electronic Arts,0.7,0.29,0.01,0.09,1.09
201,Medal of Honor: Airborne,X360,2007,Shooter,Electronic Arts,0.43,0.52,0.01,0.12,1.08
202,Skate 2,X360,2009,Sports,Electronic Arts,0.81,0.16,0.01,0.09,1.07
203,Pro Evolution Soccer 2008,X360,2007,Sports,Konami Digital Entertainment,0.08,0.9,0.04,0.05,1.07
204,Rocksmith,X360,2011,Misc,Ubisoft,0.79,0.19,0.01,0.07,1.06
205,Tomb Raider: Underworld,X360,2008,Adventure,Eidos Interactive,0.52,0.42,0.01,0.11,1.06
206,Marvel vs. Capcom 3: Fate of Two Worlds,X360,2011,Fighting,Capcom,0.77,0.18,0.03,0.07,1.05
207,NCAA Football 13,X360,2012,Action,Electronic Arts,0.99,0,0,0.06,1.05
208,WWE 2K14,X360,2013,Sports,Take-Two Interactive,0.6,0.36,0,0.09,1.05
209,Aliens vs Predator,X360,2010,Shooter,Sega,0.54,0.4,0,0.11,1.04
210,Mercenaries 2: World in Flames,X360,2008,Shooter,Electronic Arts,0.64,0.3,0.01,0.1,1.04
211,Bully: Scholarship Edition,X360,2008,Action,Take-Two Interactive,0.51,0.4,0.03,0.11,1.04
212,Sonic Free Riders,X360,2010,Racing,Sega,0.7,0.25,0,0.08,1.04
213,NCAA Football 14,X360,2013,Sports,Electronic Arts,0.98,0,0,0.06,1.04
214,Darksiders,X360,2010,Action,THQ,0.66,0.28,0.01,0.09,1.04
215,DJ Hero,X360,2009,Misc,Activision,0.54,0.39,0,0.11,1.03
216,WWE SmackDown vs. Raw 2010,X360,2009,Fighting,THQ,0.55,0.37,0.01,0.1,1.03
217,Brink,X360,2011,Shooter,Bethesda Softworks,0.58,0.35,0.01,0.09,1.02
218,The Simpsons Game,X360,2007,Action,Electronic Arts,0.52,0.39,0,0.11,1.02
219,Red Dead Redemption: Undead Nightmare,X360,2010,Action,Take-Two Interactive,0.53,0.37,0.02,0.09,1.01
220,Tom Clancy's Ghost Recon Advanced Warfighter 2,X360,2007,Shooter,Ubisoft,0.85,0.05,0.02,0.08,1.01
221,Sonic the Hedgehog,X360,2006,Platform,Sega,0.42,0.48,0,0.11,1.01
222,Winning Eleven: Pro Evolution Soccer 2007 (All Region sales),X360,2006,Sports,Konami Digital Entertainment,0.08,0.9,0.02,0,1
223,Prince of Persia,X360,2008,Adventure,Ubisoft,0.53,0.34,0.02,0.1,1
224,LEGO Indiana Jones 2: The Adventure Continues,X360,2009,Adventure,Activision,0.6,0.31,0,0.09,1
225,Bulletstorm,X360,2011,Shooter,Electronic Arts,0.59,0.32,0.01,0.08,0.99
226,PES 2009: Pro Evolution Soccer,X360,2008,Sports,Konami Digital Entertainment,0.12,0.76,0.03,0.09,0.99
227,Ninja Gaiden II,X360,2008,Action,Tecmo Koei,0.64,0.22,0.05,0.09,0.99
228,Ace Combat 6: Fires of Liberation,X360,2007,Simulation,Atari,0.68,0.04,0.22,0.06,0.99
229,LEGO Pirates of the Caribbean: The Video Game,X360,2011,Action,Disney Interactive Studios,0.51,0.38,0,0.09,0.98
230,NCAA Football 12,X360,2011,Sports,Electronic Arts,0.92,0,0,0.05,0.97
231,UFC Undisputed 3,X360,2012,Fighting,THQ,0.7,0.19,0,0.07,0.96
232,Brutal Legend,X360,2009,Action,Electronic Arts,0.61,0.26,0,0.09,0.96
233,Dead Space 3,X360,2013,Shooter,Electronic Arts,0.61,0.25,0,0.07,0.94
234,Dark Souls,X360,2011,Role-Playing,Namco Bandai Games,0.6,0.26,0,0.08,0.94
235,Tom Clancy's Splinter Cell: Blacklist,X360,2013,Action,Ubisoft,0.53,0.32,0.01,0.08,0.93
236,Skylanders: Spyro's Adventure,X360,2011,Action,Activision,0.49,0.34,0,0.09,0.93
237,NCAA Football 10,X360,2009,Sports,Electronic Arts,0.86,0,0,0.07,0.93
238,NBA 2K10,X360,2009,Sports,Take-Two Interactive,0.84,0.01,0,0.07,0.92
239,Operation Flashpoint: Dragon Rising,X360,2009,Shooter,Codemasters,0.36,0.45,0.02,0.1,0.92
240,Sonic Unleashed,X360,2008,Platform,Sega,0.51,0.32,0,0.09,0.92
241,Bayonetta,X360,2009,Action,Sega,0.5,0.24,0.09,0.08,0.91
242,Just Dance 2014,X360,2013,Misc,Ubisoft,0.67,0.17,0,0.06,0.91
243,WWE SmackDown vs. Raw 2009,X360,2008,Fighting,THQ,0.57,0.26,0,0.08,0.91
244,NCAA Football 11,X360,2010,Sports,Electronic Arts,0.85,0,0,0.06,0.91
245,Army of Two: The 40th Day,X360,2010,Shooter,Electronic Arts,0.58,0.24,0,0.08,0.9
246,Dante's Inferno,X360,2010,Action,Electronic Arts,0.61,0.2,0.02,0.07,0.9
247,Blue Dragon,X360,2006,Role-Playing,Microsoft Game Studios,0.29,0.32,0.21,0.07,0.9
248,Tom Clancy's EndWar,X360,2008,Strategy,Ubisoft,0.57,0.24,0.01,0.09,0.9
249,LEGO Harry Potter: Years 5-7,X360,N/A,Action,Warner Bros. Interactive Entertainment,0.46,0.35,0,0.09,0.89
250,Marvel: Ultimate Alliance 2,X360,2009,Role-Playing,Activision,0.67,0.15,0,0.07,0.89
251,Lost Odyssey,X360,2007,Role-Playing,Microsoft Game Studios,0.43,0.26,0.11,0.08,0.88
252,Wipeout: In The Zone,X360,2011,Misc,Activision,0.83,0,0,0.05,0.88
253,F1 2010,X360,2010,Racing,Codemasters,0.17,0.59,0.01,0.1,0.87
254,The Biggest Loser: Ultimate Workout,X360,2010,Sports,THQ,0.72,0.1,0,0.06,0.87
255,Crysis 3,X360,2013,Shooter,Electronic Arts,0.48,0.31,0.01,0.07,0.87
256,WWE SmackDown vs. Raw 2011,X360,2010,Fighting,THQ,0.43,0.35,0,0.08,0.86
257,DiRT,X360,2007,Racing,Codemasters,0.37,0.4,0,0.09,0.86
258,GRID,X360,2008,Racing,Codemasters,0.33,0.44,0.01,0.09,0.86
259,Brothers in Arms: Hell's Highway,X360,2008,Shooter,Ubisoft,0.46,0.31,0,0.09,0.86
260,Guitar Hero: Warriors of Rock,X360,2010,Misc,Activision,0.46,0.31,0,0.08,0.85
261,Red Faction: Guerrilla,X360,2009,Shooter,THQ,0.46,0.29,0.01,0.08,0.85
262,Kingdoms of Amalur: Reckoning,X360,2012,Role-Playing,Electronic Arts,0.53,0.24,0.01,0.07,0.85
263,NBA 2K8,X360,2007,Sports,Take-Two Interactive,0.78,0,0,0.06,0.84
264,2010 FIFA World Cup South Africa,X360,2010,Sports,Electronic Arts,0.31,0.42,0.02,0.09,0.84
265,Sleeping Dogs,X360,2012,Action,Square Enix,0.35,0.4,0.01,0.08,0.84
266,Michael Jackson: The Experience,X360,2011,Misc,Ubisoft,0.59,0.18,0,0.07,0.84
267,FIFA Street,X360,2012,Sports,Electronic Arts,0.13,0.61,0,0.1,0.84
268,Rock Band 3,X360,2010,Misc,MTV Games,0.69,0.09,0,0.05,0.83
269,The Witcher 2: Assassins of Kings,X360,2012,Role-Playing,Namco Bandai Games,0.42,0.3,0.02,0.07,0.82
270,Duke Nukem Forever,X360,2011,Shooter,Take-Two Interactive,0.5,0.25,0,0.07,0.81
271,Sniper Elite V2,X360,2012,Shooter,505 Games,0.44,0.28,0.02,0.07,0.81
272,Plants vs Zombies: Garden Warfare,X360,2014,Action,Electronic Arts,0.33,0.39,0,0.08,0.81
273,Pro Evolution Soccer 2010,X360,2009,Sports,Konami Digital Entertainment,0.11,0.58,0.03,0.08,0.8
274,Shaun White Snowboarding,X360,N/A,Sports,Ubisoft,0.47,0.25,0,0.08,0.8
275,Sid Meier's Civilization Revolution,X360,2008,Strategy,Take-Two Interactive,0.56,0.17,0,0.06,0.8
276,Stranglehold,X360,2007,Shooter,Midway Games,0.38,0.33,0.01,0.08,0.79
277,DiRT 2,X360,2009,Racing,Codemasters,0.31,0.39,0,0.09,0.79
278,DJ Hero 2,X360,2010,Misc,Activision,0.61,0.12,0,0.06,0.78
279,Guitar Hero: Metallica,X360,2009,Misc,Activision,0.51,0.2,0,0.07,0.78
280,Dance Central 3,X360,2012,Misc,Microsoft Game Studios,0.54,0.18,0,0.06,0.78
281,The Godfather II,X360,2009,Action,Electronic Arts,0.46,0.23,0.01,0.08,0.77
282,Star Ocean: The Last Hope,X360,2009,Role-Playing,Square Enix,0.31,0.19,0.21,0.06,0.77
283,Tom Clancy's Splinter Cell: Double Agent,X360,2006,Action,Ubisoft,0.66,0.05,0.01,0.06,0.77
284,Too Human,X360,2008,Role-Playing,Microsoft Game Studios,0.37,0.29,0.03,0.08,0.77
285,The Lord of the Rings: War in the North,X360,N/A,Action,Warner Bros. Interactive Entertainment,0.46,0.24,0,0.07,0.77
286,Lips,X360,2008,Misc,Microsoft Game Studios,0.11,0.55,0,0.1,0.77
287,Naruto Shippuden: Ultimate Ninja Storm 2,X360,2010,Fighting,Namco Bandai Games,0.42,0.27,0.01,0.07,0.77
288,Dead Island: Riptide,X360,2013,Action,Deep Silver,0.43,0.26,0.01,0.06,0.77
289,James Cameron's Avatar: The Game,X360,2009,Action,Ubisoft,0.33,0.35,0,0.08,0.76
290,Darksiders II,X360,2012,Action,THQ,0.43,0.27,0,0.06,0.76
291,Band Hero,X360,2009,Misc,Activision,0.49,0.21,0,0.07,0.76
292,Perfect Dark Zero,X360,2005,Shooter,Microsoft Game Studios,0.65,0.02,0.03,0.06,0.76
293,Prototype 2,X360,2012,Action,Activision,0.46,0.24,0,0.06,0.76
294,Kane & Lynch: Dead Men,X360,2007,Shooter,Eidos Interactive,0.36,0.31,0.01,0.08,0.76
295,Dragon's Dogma,X360,2012,Adventure,Capcom,0.39,0.23,0.07,0.06,0.75
296,Rayman Origins,X360,2011,Platform,Ubisoft,0.35,0.32,0,0.08,0.75
297,Resident Evil: Operation Raccoon City,X360,2012,Shooter,Capcom,0.53,0.14,0.03,0.05,0.75
298,Rockstar Games presents Table Tennis,X360,2006,Sports,Take-Two Interactive,0.28,0.38,0,0.08,0.74
299,UFC Personal Trainer: The Ultimate Fitness System,X360,2011,Sports,THQ,0.51,0.18,0,0.06,0.74
300,Banjo-Kazooie: Nuts & Bolts,X360,2008,Platform,Microsoft Game Studios,0.31,0.34,0,0.08,0.74
301,Fight Night Champion,X360,2011,Fighting,Electronic Arts,0.38,0.3,0,0.07,0.74
302,Aliens: Colonial Marines,X360,2013,Shooter,Sega,0.34,0.33,0,0.07,0.74
303,Lost Planet 2,X360,2010,Shooter,Capcom,0.37,0.23,0.08,0.06,0.74
304,South Park: The Stick of Truth,X360,2014,Role-Playing,Ubisoft,0.43,0.24,0,0.06,0.74
305,Turok,X360,2008,Shooter,Touchstone,0.45,0.2,0.01,0.07,0.73
306,Disney Infinity 2.0: Marvel Super Heroes,X360,2014,Action,Disney Interactive Studios,0.41,0.26,0,0.06,0.73
307,Final Fantasy XIII-2,X360,2011,Role-Playing,Square Enix,0.36,0.29,0.02,0.06,0.73
308,Skylanders: Trap Team,X360,2014,Action,Activision,0.42,0.24,0,0.06,0.72
309,Toy Story 3: The Video Game,X360,2010,Action,Disney Interactive Studios,0.39,0.27,0,0.07,0.72
310,NCAA Football 07,X360,2006,Sports,Electronic Arts,0.66,0,0,0.05,0.72
311,NHL 11,X360,2010,Sports,Electronic Arts,0.6,0.07,0,0.05,0.72
312,Tales of Vesperia,X360,2008,Role-Playing,Atari,0.3,0.17,0.19,0.05,0.71
313,Major League Baseball 2K7,X360,2007,Sports,Spike,0.66,0,0,0.05,0.71
314,F1 2011,X360,2011,Racing,Codemasters,0.11,0.5,0.01,0.09,0.71
315,Skate,X360,2007,Sports,Electronic Arts,0.61,0.04,0,0.06,0.71
316,Need for Speed Rivals,X360,2013,Racing,Electronic Arts,0.3,0.33,0.01,0.07,0.7
317,DiRT 3,X360,2011,Racing,Codemasters,0.21,0.4,0.01,0.08,0.7
318,Two Worlds,X360,2007,Role-Playing,SouthPeak Games,0.41,0.22,0,0.07,0.7
319,The Walking Dead: A Telltale Games Series,X360,2012,Adventure,Avanquest Software,0.52,0.12,0,0.05,0.7
320,Rocksmith 2014,X360,2013,Misc,Ubisoft,0.49,0.15,0,0.05,0.69
321,NCAA Football 09,X360,2008,Sports,Electronic Arts,0.64,0,0,0.05,0.69
322,Assassin's Creed: Rogue,X360,2014,Action,Ubisoft,0.34,0.29,0,0.06,0.69
323,NCAA Football 08,X360,2007,Sports,Electronic Arts,0.64,0,0,0.05,0.69
324,NBA Live 09,X360,2008,Sports,Electronic Arts,0.48,0.14,0,0.06,0.69
325,Infinite Undiscovery,X360,2008,Role-Playing,Square Enix,0.33,0.18,0.12,0.06,0.69
326,Sonic & SEGA All-Stars Racing with Banjo-Kazooie,X360,2010,Racing,Sega,0.32,0.29,0,0.07,0.68
327,X-Men Origins: Wolverine - Uncaged Edition,X360,2009,Action,Activision,0.42,0.2,0,0.06,0.68
328,NHL 12,X360,2011,Sports,Electronic Arts,0.53,0.1,0,0.05,0.68
329,SSX,X360,2012,Sports,Electronic Arts,0.36,0.25,0,0.06,0.68
330,The Amazing Spider-Man (Console Version),X360,2012,Action,Activision,0.39,0.23,0,0.06,0.68
331,MotionSports,X360,2010,Sports,Ubisoft,0.36,0.25,0,0.06,0.68
332,Test Drive Unlimited 2,X360,N/A,Racing,Atari,0.29,0.31,0,0.07,0.67
333,The Last Remnant,X360,2008,Role-Playing,Square Enix,0.24,0.2,0.18,0.06,0.67
334,MX vs. ATV Reflex,X360,2009,Racing,THQ,0.48,0.13,0,0.06,0.67
335,Driver: San Francisco,X360,2011,Racing,Ubisoft,0.23,0.36,0,0.08,0.67
336,Shrek the Third,X360,2007,Action,Activision,0.53,0.08,0,0.05,0.66
337,NHL 10,X360,2009,Sports,Electronic Arts,0.5,0.1,0,0.06,0.65
338,Omerta: City of Gangsters,X360,2011,Simulation,Konami Digital Entertainment,0.38,0.21,0,0.05,0.65
339,Tiger Woods PGA Tour 09,X360,2008,Sports,Electronic Arts,0.35,0.23,0,0.07,0.64
340,NHL 13,X360,2012,Sports,Electronic Arts,0.49,0.1,0,0.04,0.64
341,Scene It? Box Office Smash,X360,2008,Misc,Microsoft Game Studios,0.32,0.25,0,0.07,0.64
342,Castlevania: Lords of Shadow,X360,2010,Action,Konami Digital Entertainment,0.4,0.17,0.01,0.05,0.64
343,Tiger Woods PGA Tour 10,X360,2009,Sports,Electronic Arts,0.38,0.2,0,0.06,0.64
344,Stuntman: Ignition,X360,2007,Racing,THQ,0.24,0.31,0,0.07,0.63
345,MX vs. ATV Untamed,X360,2007,Racing,THQ,0.5,0.07,0,0.05,0.63
346,Juiced 2: Hot Import Nights,X360,2007,Racing,THQ,0.21,0.34,0,0.07,0.62
347,LEGO Star Wars II: The Original Trilogy,X360,2006,Action,LucasArts,0.54,0.03,0,0.05,0.62
348,Transformers: Revenge of the Fallen,X360,2009,Action,Activision,0.33,0.23,0,0.06,0.62
349,The Lord of the Rings: Conquest,X360,2009,Action,Electronic Arts,0.36,0.2,0,0.06,0.61
350,Wall-E,X360,2008,Platform,THQ,0.29,0.26,0,0.06,0.61
351,Condemned 2: Bloodshot,X360,2008,Shooter,Sega,0.37,0.19,0,0.06,0.61
352,Ghostbusters: The Video Game,X360,2009,Action,Atari,0.42,0.14,0,0.05,0.61
353,Prince of Persia: The Forgotten Sands,X360,2010,Action,Ubisoft,0.29,0.26,0,0.06,0.61
354,pro evolution soccer 2011,X360,2010,Sports,Konami Digital Entertainment,0.09,0.44,0,0.07,0.61
355,Borderlands: The Pre-Sequel,X360,2014,Shooter,Take-Two Interactive,0.39,0.16,0,0.05,0.6
356,Tiger Woods PGA Tour 12: The Masters,X360,2011,Sports,Electronic Arts,0.39,0.16,0,0.05,0.6
357,Tony Hawk: RIDE,X360,2009,Sports,Activision,0.45,0.1,0,0.05,0.6
358,Major League Baseball 2K9,X360,2009,Sports,Spike,0.55,0,0,0.04,0.6
359,Call of Juarez: Bound in Blood,X360,2009,Shooter,Ubisoft,0.29,0.24,0,0.06,0.6
360,Major League Baseball 2K8,X360,2008,Sports,Bethesda Softworks,0.55,0,0,0.04,0.6
361,XCOM: Enemy Unknown,X360,2012,Strategy,Take-Two Interactive,0.33,0.21,0,0.05,0.59
362,Transformers: The Game,X360,2007,Action,Activision,0.5,0.04,0,0.05,0.59
363,Madden NFL 06,X360,N/A,Sports,Electronic Arts,0.54,0,0.01,0.03,0.59
364,Split/Second,X360,2010,Racing,Disney Interactive Studios,0.31,0.22,0,0.06,0.59
365,Beijing 2008,X360,2008,Sports,Sega,0.14,0.38,0,0.07,0.59
366,PGR3 - Project Gotham Racing 3,X360,2005,Racing,Microsoft Game Studios,0.48,0.03,0.03,0.05,0.58
367,Dragon Ball: Raging Blast 2,X360,2010,Fighting,Namco Bandai Games,0.44,0.09,0.01,0.04,0.58
368,Far Cry 4,X360,2014,Shooter,Ubisoft,0.23,0.3,0,0.06,0.58
369,Fighters Uncaged,X360,2010,Fighting,Ubisoft,0.29,0.23,0,0.06,0.58
370,Monopoly,X360,2008,Misc,Electronic Arts,0.33,0.19,0,0.06,0.58
371,Naruto: The Broken Bond,X360,2008,Action,Ubisoft,0.23,0.28,0,0.06,0.58
372,Lost: Via Domus,X360,2008,Action,Ubisoft,0.17,0.34,0,0.07,0.58
373,NBA 2K7,X360,2006,Sports,Take-Two Interactive,0.53,0,0,0.04,0.57
374,Blur,X360,2010,Racing,Activision,0.24,0.27,0,0.06,0.57
375,Tom Clancy's HAWX,X360,2009,Action,Ubisoft,0.3,0.19,0.02,0.06,0.57
376,Blacksite: Area 51,X360,2007,Shooter,Midway Games,0.28,0.22,0,0.06,0.57
377,Spider-Man 3,X360,2007,Platform,Activision,0.48,0.03,0,0.04,0.56
378,Top Spin 3,X360,2008,Sports,Take-Two Interactive,0.09,0.4,0,0.07,0.56
379,London 2012: The Official Video Game of the Olympic Games,X360,2012,Sports,Sega,0.06,0.43,0,0.07,0.56
380,Iron Man,X360,2008,Action,Sega,0.27,0.24,0,0.06,0.56
381,SoulCalibur V,X360,2012,Fighting,Namco Bandai Games,0.36,0.13,0.02,0.04,0.56
382,LEGO Batman 3: Beyond Gotham,X360,2014,Action,Warner Bros. Interactive Entertainment,0.27,0.23,0,0.05,0.55
383,Game Party in Motion,X360,2010,Misc,Warner Bros. Interactive Entertainment,0.33,0.17,0,0.05,0.55
384,Transformers: War for Cybertron,X360,2010,Action,Activision,0.35,0.15,0,0.05,0.55
385,Sonic & All-Stars Racing Transformed,X360,2012,Racing,Sega,0.19,0.31,0,0.06,0.55
386,Tony Hawk's Proving Ground,X360,2007,Sports,Activision,0.49,0.02,0,0.04,0.55
387,"Warhammer 40,000: Space Marine",X360,2011,Shooter,THQ,0.23,0.26,0,0.06,0.55
388,Disney Universe,X360,2011,Action,Disney Interactive Studios,0.36,0.14,0,0.05,0.55
389,DEFIANCE,X360,2013,Action,Trion Worlds,0.36,0.14,0,0.04,0.55
390,LEGO Rock Band,X360,2009,Misc,Warner Bros. Interactive Entertainment,0.39,0.11,0,0.05,0.55
391,The Walking Dead: Survival Instinct,X360,2013,Misc,Activision,0.4,0.11,0,0.04,0.54
392,Wolfenstein,X360,2009,Shooter,Activision,0.27,0.22,0,0.06,0.54
393,Dark Souls II,X360,2014,Action,Namco Bandai Games,0.31,0.18,0.01,0.04,0.54
394,Frontlines: Fuel of War,X360,2008,Shooter,THQ,0.33,0.15,0.01,0.05,0.54
395,Tiger Woods PGA Tour 08,X360,2007,Sports,Electronic Arts,0.48,0.02,0,0.04,0.54
396,Forza Horizon 2,X360,2014,Action,Microsoft Game Studios,0.23,0.26,0,0.05,0.54
397,Enslaved: Odyssey to the West,X360,2010,Action,Namco Bandai Games,0.3,0.19,0,0.05,0.53
398,MX vs. ATV: Alive,X360,2011,Racing,THQ,0.36,0.13,0,0.04,0.53
399,Sacred 2: Fallen Angel,X360,2009,Role-Playing,Deep Silver,0.28,0.16,0.04,0.05,0.53
400,Lips: Number One Hits,X360,2009,Misc,Microsoft Game Studios,0.13,0.33,0,0.06,0.53
401,METRO 2033,X360,2010,Shooter,THQ,0.21,0.23,0.03,0.05,0.53
402,Two Worlds II,X360,2011,Role-Playing,Unknown,0.38,0.07,0.03,0.03,0.52
403,Payday 2,X360,2013,Action,505 Games,0.28,0.19,0,0.04,0.52
404,F.E.A.R. 2: Project Origin,X360,2009,Shooter,Warner Bros. Interactive Entertainment,0.31,0.15,0,0.05,0.51
405,Dragon Ball Z: Ultimate Tenkaichi,X360,2011,Fighting,Namco Bandai Games,0.37,0.1,0.01,0.04,0.51
406,IL-2 Sturmovik: Birds of Prey,X360,2009,Simulation,505 Games,0.23,0.23,0,0.05,0.51
407,Tiger Woods PGA Tour 11,X360,2010,Sports,Electronic Arts,0.27,0.19,0,0.05,0.51
408,NBA Live 08,X360,2007,Sports,Electronic Arts,0.46,0,0,0.04,0.5
409,NHL 09,X360,2008,Sports,Electronic Arts,0.45,0.01,0,0.04,0.5
410,TMNT,X360,2007,Action,Ubisoft,0.43,0.03,0,0.04,0.5
411,Sesame Street: Once Upon A Monster,X360,2011,Misc,Warner Bros. Interactive Entertainment,0.38,0.08,0,0.04,0.5
412,Pro Evolution Soccer 2012,X360,2011,Sports,Konami Digital Entertainment,0.1,0.34,0,0.06,0.5
413,Major League Baseball 2K10,X360,2010,Sports,Take-Two Interactive,0.46,0,0,0.03,0.49
414,NHL 14,X360,2013,Sports,Electronic Arts,0.37,0.09,0,0.03,0.49
415,The Saboteur,X360,2009,Action,Electronic Arts,0.25,0.2,0,0.05,0.49
416,WWE SmackDown vs. RAW 2007,X360,2006,Fighting,THQ,0.43,0.02,0,0.04,0.49
417,NBA Street Homecourt,X360,2007,Sports,Electronic Arts,0.44,0.01,0,0.04,0.49
418,Wet,X360,N/A,Shooter,Bethesda Softworks,0.22,0.2,0.01,0.05,0.49
419,Dance Dance Revolution Universe 2,X360,2007,Simulation,Konami Digital Entertainment,0.45,0,0,0.04,0.49
420,F1 2012,X360,2012,Racing,Codemasters,0.1,0.34,0,0.06,0.49
421,Dragon Ball: Raging Blast,X360,2009,Fighting,Namco Bandai Games,0.35,0.08,0.02,0.04,0.49
422,Tiger Woods PGA Tour 13,X360,2012,Sports,Electronic Arts,0.27,0.17,0,0.04,0.49
423,Alone in the Dark,X360,2008,Adventure,Atari,0.13,0.3,0,0.05,0.48
424,Scene It? Lights Camera Action,X360,2007,Misc,Microsoft Game Studios,0.43,0.01,0,0.04,0.48
425,You're in the Movies,X360,2008,Misc,Microsoft Game Studios,0.26,0.17,0,0.05,0.48
426,Tony Hawk's Project 8,X360,2006,Sports,Activision,0.43,0.02,0,0.04,0.48
427,Dragon Ball Z: Burst Limit,X360,2008,Fighting,Atari,0.23,0.18,0.03,0.05,0.48
428,Burnout Revenge,X360,2006,Racing,Electronic Arts,0.4,0.04,0,0.04,0.48
429,Goldeneye 007: Reloaded,X360,2011,Shooter,Activision,0.23,0.19,0,0.05,0.48
430,FIFA World Cup Germany 2006,X360,2006,Sports,Electronic Arts,0.19,0.27,0.01,0,0.48
431,Dark Sector,X360,2008,Shooter,D3Publisher,0.22,0.2,0.01,0.05,0.48
432,Kane & Lynch 2: Dog Days,X360,2010,Shooter,Square Enix,0.19,0.22,0.01,0.05,0.48
433,Disney Epic Mickey 2: The Power of Two,X360,2012,Action,Disney Interactive Studios,0.3,0.14,0,0.04,0.48
434,Major League Baseball 2K12,X360,2012,Sports,Take-Two Interactive,0.45,0,0,0.03,0.47
435,Kinect Rush: A Disney Pixar Adventure,X360,2012,Adventure,Microsoft Game Studios,0.29,0.14,0,0.04,0.47
436,Ace Combat: Assault Horizon,X360,2011,Action,Namco Bandai Games,0.28,0.12,0.03,0.04,0.47
437,Tiger Woods PGA Tour 07,X360,2006,Sports,Electronic Arts,0.43,0,0,0.04,0.47
438,Shadowrun,X360,2007,Role-Playing,Microsoft Game Studios,0.41,0.02,0,0.03,0.46
439,Crash: Mind Over Mutant,X360,2008,Platform,Vivendi Games,0.21,0.2,0,0.05,0.46
440,Naruto Shippuden: Ultimate Ninja Storm 3,X360,2013,Fighting,Namco Bandai Games,0.26,0.16,0.01,0.04,0.46
441,Alice: Madness Returns,X360,2011,Adventure,Electronic Arts,0.24,0.14,0.04,0.04,0.46
442,Viva Pinata: Trouble in Paradise,X360,2008,Simulation,Microsoft Game Studios,0.15,0.25,0.01,0.05,0.46
443,Dead or Alive 4,X360,2005,Fighting,Tecmo Koei,0.29,0.03,0.1,0.03,0.46
444,James Bond 007: Blood Stone,X360,2010,Action,Activision,0.18,0.23,0,0.05,0.46
445,WWE 2K15,X360,2014,Sports,Take-Two Interactive,0.26,0.15,0,0.04,0.46
446,Dragon Age Origins: Awakening,X360,2010,Role-Playing,Electronic Arts,0.32,0.1,0,0.04,0.45
447,Rise of Nightmares,X360,2011,Action,Sega,0.27,0.13,0.01,0.04,0.45
448,Unreal Tournament III,X360,2008,Shooter,Midway Games,0.23,0.17,0.01,0.04,0.45
449,Vin Diesel: Wheelman,X360,2009,Racing,Ubisoft,0.24,0.17,0,0.05,0.45
450,The Golden Compass,X360,2007,Action,Sega,0.29,0.12,0,0.04,0.45
451,Lollipop Chainsaw,X360,2012,Action,Warner Bros. Interactive Entertainment,0.28,0.11,0.02,0.03,0.45
452,Sega Rally Revo,X360,2007,Racing,Sega,0.11,0.28,0,0.05,0.44
453,TNA iMPACT!,X360,2008,Fighting,Midway Games,0.25,0.15,0,0.04,0.44
454,Command & Conquer: Red Alert 3,X360,2008,Strategy,Electronic Arts,0.17,0.23,0,0.05,0.44
455,Cars 2,X360,2011,Platform,Disney Interactive Studios,0.25,0.15,0,0.04,0.44
456,Harry Potter and the Deathly Hallows - Part 1,X360,2010,Action,Electronic Arts,0.2,0.19,0,0.04,0.44
457,Street Fighter X Tekken,X360,2012,Fighting,Capcom,0.28,0.1,0.03,0.03,0.44
458,Viking: Battle for Asgard,X360,2008,Action,Sega,0.16,0.23,0,0.05,0.44
459,NBA Live 10,X360,2009,Sports,Electronic Arts,0.39,0.01,0,0.03,0.44
460,Doom 3 BFG Edition,X360,2012,Shooter,Bethesda Softworks,0.25,0.15,0,0.04,0.44
461,Brunswick Pro Bowling,X360,2010,Sports,505 Games,0.37,0.04,0,0.03,0.43
462,Enemy Territory: Quake Wars,X360,2008,Shooter,Activision,0.28,0.11,0,0.04,0.43
463,Need for Speed: Shift 2 Unleashed,X360,2011,Racing,Electronic Arts,0.18,0.21,0,0.04,0.43
464,Naruto Shippuden: Ultimate Ninja STORM Generations,X360,2012,Fighting,Namco Bandai Games,0.25,0.14,0.01,0.04,0.43
465,Silent Hill: Homecoming,X360,N/A,Action,Konami Digital Entertainment,0.24,0.15,0,0.04,0.43
466,Major League Baseball 2K11,X360,2011,Sports,Take-Two Interactive,0.38,0.02,0,0.03,0.43
467,NBA Live 07,X360,2006,Sports,Electronic Arts,0.4,0,0,0.03,0.43
468,F.E.A.R. 3,X360,2011,Shooter,Warner Bros. Interactive Entertainment,0.28,0.1,0.01,0.03,0.42
469,The Darkness,X360,2007,Shooter,Take-Two Interactive,0.34,0.04,0.01,0.03,0.42
470,Robert Ludlum's The Bourne Conspiracy,X360,N/A,Action,Vivendi Games,0.24,0.14,0,0.04,0.42
471,Child of Eden,X360,2011,Shooter,Ubisoft,0.26,0.12,0,0.04,0.41
472,Command & Conquer 3: Tiberium Wars,X360,2007,Strategy,Electronic Arts,0.34,0.04,0,0.03,0.41
473,Disney Sing It,X360,2008,Misc,Disney Interactive Studios,0.37,0.01,0,0.03,0.41
474,Devil May Cry HD Collection,X360,2012,Action,Capcom,0.27,0.1,0.01,0.03,0.41
475,Vanquish,X360,2010,Adventure,Sega,0.18,0.17,0.03,0.04,0.41
476,Blazing Angels: Squadrons of WWII,X360,2006,Simulation,Ubisoft,0.35,0.02,0,0.03,0.41
477,Transformers: Fall of Cybertron,X360,2012,Action,Activision,0.25,0.12,0,0.03,0.41
478,Metal Gear Rising: Revengeance,X360,2013,Action,Konami Digital Entertainment,0.24,0.13,0,0.03,0.41
479,Spider-Man: Web of Shadows,X360,2008,Action,Activision,0.36,0.02,0,0.03,0.4
480,Guitar Hero: Smash Hits,X360,2009,Misc,Activision,0.22,0.15,0,0.04,0.4
481,Beowulf: The Game,X360,2007,Action,Ubisoft,0.36,0.01,0,0.03,0.4
482,Condemned: Criminal Origins,X360,2005,Action,Sega,0.35,0.02,0,0.03,0.4
483,TimeShift,X360,2007,Shooter,Vivendi Games,0.35,0.02,0,0.03,0.4
484,Major League Baseball 2K13,X360,2013,Sports,Take-Two Interactive,0.38,0,0,0.02,0.4
485,Battlefield 2: Modern Combat,X360,2006,Shooter,Electronic Arts,0.34,0.02,0.01,0.03,0.4
486,Spec Ops: The Line,X360,2012,Shooter,Take-Two Interactive,0.19,0.17,0,0.04,0.4
487,Overlord,X360,2007,Strategy,Codemasters,0.33,0.03,0.01,0.03,0.39
488,Top Spin 4,X360,2011,Sports,Take-Two Interactive,0.14,0.21,0,0.04,0.39
489,2014 FIFA World Cup Brazil,X360,2014,Sports,Electronic Arts,0.12,0.23,0,0.04,0.39
490,Green Day: Rock Band,X360,2010,Misc,MTV Games,0.23,0.13,0,0.04,0.39
491,LEGO The Hobbit,X360,2014,Action,Warner Bros. Interactive Entertainment,0.16,0.19,0,0.04,0.39
492,Naughty Bear,X360,2010,Action,505 Games,0.2,0.15,0,0.04,0.39
493,Tomb Raider: Anniversary,X360,2007,Action,Eidos Interactive,0.12,0.22,0,0.05,0.39
494,Legends of WrestleMania,X360,2009,Fighting,THQ,0.2,0.15,0,0.04,0.39
495,DMC,X360,2013,Action,Capcom,0.22,0.12,0.01,0.03,0.38
496,Just Dance Kids 2,X360,2011,Misc,Ubisoft,0.27,0.08,0,0.03,0.38
497,The Gunstringer,X360,2011,Shooter,Microsoft Game Studios,0.25,0.1,0,0.03,0.38
498,Just Dance 2015,X360,2014,Misc,Ubisoft,0.24,0.11,0,0.03,0.38
499,Fantastic Pets,X360,2011,Simulation,THQ,0.28,0.07,0,0.03,0.38
500,Alpha Protocol,X360,2010,Role-Playing,Sega,0.22,0.12,0,0.04,0.38
501,EA Sports Active 2,X360,2010,Sports,Electronic Arts,0.18,0.16,0,0.04,0.38
502,Hitman: Blood Money,X360,2006,Action,Eidos Interactive,0.28,0.05,0.01,0.03,0.37
503,Star Wars The Clone Wars: Republic Heroes,X360,2009,Action,LucasArts,0.17,0.16,0,0.04,0.37
504,Rapala Pro Bass Fishing 2010,X360,2010,Sports,Activision,0.3,0.04,0,0.02,0.37
505,Major League Baseball 2K6,X360,2006,Sports,Spike,0.34,0,0,0.03,0.37
506,The Evil Within,X360,2014,Action,Bethesda Softworks,0.2,0.13,0,0.03,0.37
507,Red Faction: Armageddon,X360,2011,Shooter,THQ,0.16,0.16,0.01,0.04,0.37
508,Trivial Pursuit,X360,2009,Misc,Electronic Arts,0.12,0.21,0,0.04,0.37
509,Wanted: Weapons of Fate,X360,2009,Shooter,Warner Bros. Interactive Entertainment,0.17,0.15,0,0.04,0.36
510,Kingdom Under Fire: Circle of Doom,X360,2007,Role-Playing,Microsoft Game Studios,0.17,0.12,0.04,0.03,0.36
511,Rayman Legends,X360,2013,Platform,Ubisoft,0.14,0.18,0,0.03,0.36
512,The Darkness II,X360,2012,Shooter,Take-Two Interactive,0.22,0.11,0,0.03,0.36
513,Quake 4,X360,2005,Shooter,Activision,0.31,0.02,0,0.03,0.36
514,Tomb Raider: Legend,X360,2006,Action,Eidos Interactive,0.26,0.06,0.01,0.03,0.36
515,Dragon Age: Inquisition,X360,2014,Role-Playing,Electronic Arts,0.23,0.09,0,0.03,0.36
516,Mass Effect Trilogy,X360,2012,Action,Electronic Arts,0.24,0.08,0,0.03,0.35
517,BlazBlue: Calamity Trigger,X360,2009,Fighting,PQube,0.21,0.08,0.04,0.03,0.35
518,Tom Clancy's HAWX 2,X360,2010,Action,Ubisoft,0.23,0.09,0.01,0.03,0.35
519,Dungeon Siege III,X360,2011,Role-Playing,Square Enix,0.2,0.11,0.01,0.03,0.35
520,Spider-Man: Shattered Dimensions,X360,2010,Action,Activision,0.24,0.08,0,0.03,0.35
521,Middle-Earth: Shadow of Mordor,X360,2014,Action,Warner Bros. Interactive Entertainment,0.2,0.12,0,0.03,0.35
522,NBA Jam,X360,2010,Sports,Electronic Arts,0.24,0.08,0,0.03,0.35
523,EA Sports MMA,X360,2010,Fighting,Electronic Arts,0.22,0.1,0,0.03,0.35
524,Fable,X360,2014,Role-Playing,Microsoft Game Studios,0.19,0.12,0.01,0.03,0.35
525,MotoGP 08,X360,2008,Racing,Capcom,0.11,0.2,0,0.04,0.34
526,Farming Simulator 2013,X360,2013,Action,Focus Home Interactive,0.18,0.13,0,0.03,0.34
527,Deadpool,X360,2013,Action,Activision,0.2,0.11,0,0.03,0.34
528,Terminator Salvation,X360,2009,Shooter,Warner Bros. Interactive Entertainment,0.12,0.17,0,0.04,0.34
529,Def Jam Icon,X360,2007,Action,Electronic Arts,0.3,0.01,0,0.03,0.34
530,UEFA Euro 2008 Austria-Switzerland,X360,2008,Sports,Electronic Arts,0.08,0.23,0,0.03,0.34
531,Tropico 4,X360,N/A,Strategy,Kalypso Media,0.18,0.12,0,0.03,0.33
532,Kinectimals: Now with Bears!,X360,2011,Misc,Microsoft Game Studios,0.25,0.06,0,0.02,0.33
533,Terraria,X360,2013,Action,505 Games,0.16,0.14,0,0.03,0.33
534,Tenchu Z,X360,2006,Action,Microsoft Game Studios,0.27,0.02,0.02,0.03,0.33
535,Wolfenstein: The New Order,X360,2014,Shooter,Bethesda Softworks,0.14,0.16,0,0.03,0.33
536,WWE All Stars,X360,2011,Fighting,THQ,0.16,0.13,0,0.03,0.33
537,Kameo: Elements of Power,X360,2005,Adventure,Microsoft Game Studios,0.27,0.03,0,0.03,0.33
538,Fracture,X360,2008,Shooter,LucasArts,0.15,0.14,0,0.04,0.33
539,Virtua Tennis 2009,X360,2009,Sports,Sega,0.12,0.18,0,0.03,0.33
540,F.E.A.R.,X360,2006,Shooter,Vivendi Games,0.27,0.03,0,0.03,0.33
541,Tekken Tag Tournament 2,X360,2012,Fighting,Namco Bandai Games,0.18,0.11,0.01,0.03,0.33
542,Pirates of the Caribbean: At World's End,X360,2007,Action,Disney Interactive Studios,0.28,0.02,0,0.03,0.33
543,Metro: Last Light,X360,2013,Shooter,Deep Silver,0.15,0.14,0,0.03,0.32
544,Tiger Woods PGA Tour 14,X360,2013,Sports,Electronic Arts,0.18,0.12,0,0.03,0.32
545,Supreme Commander 2,X360,2010,Strategy,Square Enix,0.21,0.09,0,0.03,0.32
546,The King of Fighters XIII,X360,2011,Fighting,Rising Star Games,0.22,0.06,0.01,0.02,0.32
547,Resonance of Fate,X360,2010,Role-Playing,Sega,0.11,0.13,0.06,0.03,0.32
548,Harry Potter and the Deathly Hallows - Part 2,X360,2011,Action,Electronic Arts,0.18,0.11,0,0.03,0.32
549,Ninja Blade,X360,2009,Action,Microsoft Game Studios,0.13,0.14,0.02,0.03,0.32
550,Minute to Win It,X360,2011,Misc,Zoo Games,0.3,0,0,0.02,0.32
551,Naruto: Rise of a Ninja,X360,2007,Action,Ubisoft,0.28,0.01,0,0.02,0.32
552,Golden Axe: Beast Rider,X360,2008,Action,Sega,0.18,0.11,0,0.03,0.32
553,F1 2013,X360,2013,Action,Codemasters,0.01,0.27,0,0.04,0.32
554,Overlord II,X360,2009,Action,Codemasters,0.14,0.14,0,0.03,0.31
555,Battlestations: Pacific,X360,2009,Strategy,Eidos Interactive,0.16,0.11,0.01,0.03,0.31
556,Tony Hawk's American Wasteland,X360,2005,Sports,Activision,0.27,0.01,0,0.02,0.31
557,The Black Eyed Peas Experience,X360,2011,Misc,Ubisoft,0.19,0.1,0,0.03,0.31
558,Test Drive Unlimited,X360,2006,Racing,Atari,0.23,0.03,0.02,0.02,0.31
559,Clive Barker's Jericho,X360,2007,Shooter,Codemasters,0.27,0.01,0,0.02,0.31
560,Prey,X360,2006,Shooter,Take-Two Interactive,0.26,0.02,0,0.03,0.31
561,Dance Dance Revolution Universe,X360,2007,Simulation,Konami Digital Entertainment,0.29,0,0,0.02,0.31
562,NCAA Basketball 10,X360,2009,Sports,Electronic Arts,0.29,0,0,0.02,0.31
563,DECA Sports Freedom,X360,2010,Sports,Hudson Soft,0.25,0.04,0,0.02,0.31
564,Crash of the Titans,X360,2007,Action,Vivendi Games,0.27,0.01,0,0.02,0.31
565,Eternal Sonata,X360,2007,Role-Playing,Atari,0.17,0.03,0.08,0.02,0.31
566,Singularity,X360,N/A,Shooter,Unknown,0.23,0.05,0,0.02,0.3
567,Fuel,X360,2009,Racing,Codemasters,0.08,0.18,0,0.04,0.3
568,Cabela's Dangerous Hunts 2011,X360,2010,Sports,Activision,0.27,0.01,0,0.02,0.3
569,Harry Potter and the Half-Blood Prince,X360,2009,Action,Electronic Arts,0.16,0.11,0,0.03,0.3
570,Tiger Woods PGA Tour 06,X360,2005,Sports,Electronic Arts,0.28,0,0,0.02,0.3
571,Silent Hill: Downpour,X360,2012,Adventure,Konami Digital Entertainment,0.21,0.07,0,0.02,0.3
572,Beautiful Katamari,X360,2007,Puzzle,Namco Bandai Games,0.12,0.02,0.15,0.01,0.3
573,"Carnival Games: Monkey See, Monkey Do!",X360,2011,Misc,Take-Two Interactive,0.12,0.15,0,0.03,0.3
574,The Legend of Spyro: Dawn of the Dragon,X360,2008,Platform,Vivendi Games,0.15,0.12,0,0.03,0.3
575,BlazBlue: Continuum Shift,X360,2010,Fighting,PQube,0.22,0.04,0.02,0.02,0.3
576,Dance Dance Revolution Universe 3,X360,2008,Simulation,Konami Digital Entertainment,0.27,0,0,0.02,0.3
577,Namco Museum: Virtual Arcade,X360,2008,Misc,Atari,0.26,0.01,0.01,0.02,0.3
578,Dynasty Warriors 6,X360,2007,Action,Tecmo Koei,0.15,0.06,0.06,0.02,0.3
579,Pro Evolution Soccer 2013,X360,2012,Sports,Konami Digital Entertainment,0.07,0.19,0,0.03,0.3
580,Dark Void,X360,2010,Action,Capcom,0.17,0.09,0,0.03,0.3
581,NHL 15,X360,2014,Action,Electronic Arts,0.23,0.04,0,0.02,0.29
582,Lord of the Rings: Battle for Middle-Earth,X360,2006,Strategy,Electronic Arts,0.27,0,0,0.02,0.29
583,Magna Carta 2,X360,2009,Role-Playing,Banpresto,0.13,0.07,0.07,0.02,0.29
584,TRON: Evolution,X360,2010,Action,Disney Interactive Studios,0.23,0.05,0,0.02,0.29
585,NASCAR 2011: The Game,X360,2011,Racing,Activision,0.27,0,0,0.02,0.29
586,NBA Live 06,X360,2005,Sports,Electronic Arts,0.27,0,0,0.02,0.29
587,Spider-Man: Friend or Foe,X360,2007,Action,Activision,0.25,0.01,0,0.02,0.29
588,N3: Ninety-Nine Nights,X360,2006,Action,Microsoft Game Studios,0.19,0.02,0.05,0.02,0.29
589,Catherine,X360,2011,Adventure,Deep Silver,0.18,0.05,0.03,0.02,0.29
590,Rabbids: Alive & Kicking,X360,2011,Misc,Ubisoft,0.14,0.11,0,0.03,0.28
591,Turning Point: Fall of Liberty,X360,2008,Shooter,Codemasters,0.22,0.04,0,0.02,0.28
592,Dead or Alive 5,X360,2012,Fighting,Ubisoft Annecy,0.16,0.08,0.03,0.02,0.28
593,Harry Potter and the Order of the Phoenix,X360,2007,Adventure,Electronic Arts,0.23,0.03,0,0.02,0.28
594,The Chronicles of Riddick: Assault on Dark Athena,X360,2009,Shooter,Atari,0.16,0.1,0,0.03,0.28
595,Mini Ninjas,X360,2009,Action,Eidos Interactive,0.11,0.14,0,0.03,0.28
596,PowerUp Heroes,X360,2011,Fighting,Ubisoft,0.16,0.09,0,0.03,0.28
597,Up,X360,2009,Adventure,THQ,0.19,0.07,0,0.02,0.28
598,Jonah Lomu Rugby Challenge,X360,2011,Sports,Home Entertainment Suppliers,0.08,0.17,0,0.03,0.28
599,Chromehounds,X360,2006,Simulation,Sega,0.24,0,0.01,0.02,0.28
600,SAW,X360,2009,Action,Konami Digital Entertainment,0.13,0.12,0,0.03,0.28
601,FIFA 07 Soccer,X360,2006,Sports,Electronic Arts,0.24,0.01,0,0.02,0.27
602,Bionic Commando,X360,2009,Platform,Capcom,0.12,0.12,0.01,0.03,0.27
603,Monopoly Streets,X360,2010,Misc,Electronic Arts,0.15,0.09,0,0.02,0.27
604,Final Fantasy XI: Wings of the Goddess,X360,2007,Role-Playing,Square Enix,0.23,0,0.02,0.02,0.27
605,Transformers: Dark of the Moon,X360,2011,Action,Activision,0.12,0.12,0,0.03,0.27
606,NieR,X360,2010,Role-Playing,Square Enix,0.12,0.09,0.04,0.02,0.27
607,DeathSmiles,X360,2009,Shooter,Rising Star Games,0.14,0.06,0.05,0.02,0.27
608,Rugby World Cup 2011,X360,2011,Sports,505 Games,0.03,0.21,0,0.04,0.27
609,Virtua Fighter 5 Online,X360,2007,Fighting,Sega,0.2,0.02,0.03,0.02,0.27
610,Cabela's Big Game Hunter 2012,X360,2011,Sports,Activision,0.23,0.02,0,0.02,0.27
611,Operation Flashpoint: Red River,X360,2011,Shooter,Codemasters,0.09,0.14,0.01,0.03,0.27
612,NHL 07,X360,2006,Sports,Electronic Arts,0.24,0,0,0.02,0.27
613,Def Jam Rapstar,X360,2010,Misc,Konami Digital Entertainment,0.22,0.03,0,0.02,0.27
614,The Club,X360,2008,Shooter,Sega,0.14,0.1,0,0.02,0.27
615,Final Fantasy XI: Ultimate Collection,X360,2009,Role-Playing,Square Enix,0.25,0,0,0.02,0.27
616,Guitar Hero: Van Halen,X360,2009,Misc,Activision,0.14,0.1,0,0.03,0.27
617,James Bond 007: Legends,X360,2012,Shooter,Activision,0.11,0.13,0,0.03,0.26
618,Cabela's Big Game Hunter 2010,X360,2009,Sports,Activision Value,0.25,0,0,0.02,0.26
619,NASCAR 08,X360,2007,Racing,Electronic Arts,0.24,0,0,0.02,0.26
620,Section 8,X360,2009,Shooter,SouthPeak Games,0.15,0.08,0,0.03,0.26
621,FIFA Street 3,X360,2008,Sports,Electronic Arts,0.09,0.14,0,0.03,0.26
622,Iron Man 2,X360,2010,Action,Sega,0.14,0.1,0,0.02,0.26
623,The BIGS,X360,2007,Sports,Take-Two Interactive,0.18,0.08,0,0,0.26
624,Gun,X360,N/A,Shooter,Activision,0.23,0.01,0,0.02,0.26
625,R.U.S.E.,X360,2010,Strategy,Ubisoft,0.12,0.11,0,0.02,0.26
626,Dead Rising 2: Off the Record,X360,2011,Action,Capcom,0.15,0.08,0,0.02,0.26
627,Ratatouille,X360,2007,Platform,THQ,0.22,0.02,0,0.02,0.26
628,Call of Juarez: The Cartel,X360,2011,Shooter,Ubisoft,0.13,0.1,0,0.02,0.26
629,The Incredible Hulk,X360,2008,Action,Sega,0.21,0.02,0,0.02,0.26
630,Deadly Premonition,X360,2010,Action,Rising Star Games,0.17,0.06,0,0.02,0.26
631,All-Pro Football 2K8,X360,2007,Sports,Take-Two Interactive,0.24,0,0,0.02,0.25
632,F1 Race Stars,X360,2012,Racing,Codemasters,0.05,0.17,0,0.03,0.25
633,Tony Hawk: Shred,X360,2010,Sports,Activision,0.17,0.06,0,0.02,0.25
634,GRID 2,X360,2013,Racing,Codemasters,0.06,0.16,0,0.03,0.25
635,Rock Revolution,X360,2008,Misc,Konami Digital Entertainment,0.23,0,0,0.02,0.25
636,Thief (2014),X360,2014,Action,Square Enix,0.12,0.11,0,0.02,0.25
637,Battlestations: Midway,X360,2007,Strategy,Eidos Interactive,0.21,0.02,0,0.02,0.25
638,Fable: The Journey,X360,2012,Role-Playing,Microsoft Game Studios,0.15,0.08,0,0.02,0.25
639,MotoGP '07,X360,2007,Racing,THQ,0.23,0,0,0.02,0.25
640,NASCAR 09,X360,2008,Racing,Electronic Arts,0.23,0,0,0.02,0.25
641,MotionSports: Adrenaline,X360,2011,Sports,Ubisoft,0.13,0.1,0,0.02,0.25
642,Don King Presents: Prizefighter,X360,2008,Sports,Take-Two Interactive,0.14,0.08,0,0.02,0.25
643,Peter Jackson's King Kong: The Official Game of the Movie,X360,2005,Action,Ubisoft,0.2,0.03,0,0.02,0.25
644,SpongeBob's Truth or Square (US sales),X360,2009,Action,THQ,0.25,0,0,0,0.25
645,Superman Returns,X360,2006,Action,Electronic Arts,0.22,0.01,0,0.02,0.25
646,Legendary,X360,2008,Shooter,Atari,0.07,0.15,0,0.03,0.25
647,Spider-Man: Edge of Time,X360,2011,Action,Activision,0.18,0.05,0,0.02,0.25
648,Wipeout 2,X360,2011,Misc,Activision,0.23,0,0,0.01,0.25
649,Dreamworks Madagascar Kartz,X360,2009,Racing,Activision,0.13,0.09,0,0.02,0.24
650,The Outfit,X360,2006,Action,THQ,0.2,0.02,0,0.02,0.24
651,Cars,X360,2006,Racing,THQ,0.21,0.01,0,0.02,0.24
652,Madagascar: Escape 2 Africa,X360,2008,Action,Activision,0.11,0.1,0,0.02,0.24
653,Bolt,X360,2008,Adventure,Disney Interactive Studios,0.17,0.05,0,0.02,0.24
654,Armored Core 4,X360,2007,Simulation,505 Games,0.19,0.01,0.03,0.02,0.24
655,NHL 08,X360,2007,Action,Electronic Arts,0.21,0.01,0,0.02,0.24
656,Dead or Alive Xtreme 2,X360,2006,Sports,Tecmo Koei,0.14,0.02,0.06,0.02,0.24
657,Angry Birds: Star Wars,X360,2013,Strategy,Activision,0.12,0.09,0,0.02,0.24
658,X-Men: Destiny,X360,2011,Action,Activision,0.17,0.04,0,0.02,0.24
659,Fallout 3 Game Add-On Pack: Broken Steel and Point Lookout,X360,2009,Role-Playing,Bethesda Softworks,0.16,0.06,0,0.02,0.24
660,Resident Evil: Revelations,X360,2013,Action,Capcom,0.1,0.1,0.02,0.02,0.23
661,Command & Conquer 3: Kane's Wrath,X360,2008,Strategy,Electronic Arts,0.15,0.06,0,0.02,0.23
662,Cabela's Outdoor Adventures (2009),X360,2009,Sports,Activision Value,0.22,0,0,0.01,0.23
663,Kung Fu Panda 2,X360,2011,Action,THQ,0.15,0.07,0,0.02,0.23
664,Far Cry Instincts Predator,X360,2006,Shooter,Ubisoft,0.19,0.03,0,0.02,0.23
665,Army of Two: The Devil's Cartel,X360,2013,Shooter,Electronic Arts,0.14,0.07,0,0.02,0.23
666,Family Guy: Back to the Multiverse,X360,2012,Action,Activision,0.12,0.09,0,0.02,0.23
667,Dynasty Warriors 6 Empires,X360,2009,Action,Tecmo Koei,0.16,0.01,0.04,0.02,0.23
668,Divinity II: Ego Draconis,X360,2009,Role-Playing,DTP Entertainment,0.18,0.03,0,0.02,0.23
669,Ninja Gaiden 3,X360,2012,Action,Tecmo Koei,0.14,0.05,0.03,0.02,0.23
670,G.I. Joe: The Rise of Cobra,X360,2009,Action,Electronic Arts,0.16,0.05,0,0.02,0.23
671,The Adventures of Tintin: The Game,X360,2011,Action,Ubisoft,0.07,0.13,0,0.03,0.23
672,Dynasty Warriors 7,X360,2011,Action,Tecmo Koei,0.15,0.06,0,0.02,0.23
673,NBA 2K6,X360,2005,Action,Take-Two Interactive,0.21,0.01,0,0.02,0.23
674,Bakugan: Battle Brawlers,X360,2009,Action,Activision,0.19,0.02,0,0.02,0.23
675,Viva Pinata: Party Animals,X360,2007,Misc,Microsoft Game Studios,0.19,0.02,0,0.02,0.23
676,DiRT Showdown,X360,2012,Action,Codemasters,0.07,0.13,0,0.02,0.23
677,Afro Samurai,X360,2009,Action,Atari,0.15,0.05,0,0.02,0.22
678,Game of Thrones,X360,2012,Role-Playing,Focus Home Interactive,0.13,0.08,0,0.02,0.22
679,Sniper Elite 3,X360,2014,Action,505 Games,0.09,0.11,0,0.02,0.22
680,The Godfather (US & Others sales),X360,2006,Action,Electronic Arts,0.19,0.02,0,0.02,0.22
681,Lightning Returns: Final Fantasy XIII,X360,2013,Role-Playing,Square Enix,0.12,0.07,0.01,0.02,0.22
682,Plants vs. Zombies,X360,2010,Strategy,PopCap Games,0.21,0,0,0.01,0.22
683,Rock Band Country Track Pack,X360,2009,Misc,MTV Games,0.21,0,0,0.02,0.22
684,Pro Evolution Soccer 2014,X360,2013,Action,Konami Digital Entertainment,0.05,0.15,0,0.03,0.22
685,Dreamcast Collection,X360,2011,Misc,Sega,0.15,0.06,0,0.02,0.22
686,Alien: Isolation,X360,2014,Shooter,Sega,0.11,0.09,0,0.02,0.22
687,Vancouver 2010 - The Official Video Game of the Olympic Winter Games,X360,2010,Sports,Sega,0.07,0.12,0,0.03,0.22
688,Pictionary: Ultimate Edition,X360,2011,Misc,THQ,0.15,0.05,0,0.02,0.22
689,Angry Birds Trilogy,X360,2012,Action,Activision,0.15,0.05,0,0.02,0.22
690,Tropico 3,X360,2009,Strategy,Kalypso Media,0.15,0.02,0.03,0.02,0.21
691,Ben 10 Alien Force: Vilgax Attacks,X360,2009,Action,D3Publisher,0.11,0.09,0,0.02,0.21
692,AC/DC LIVE: Rock Band Track Pack,X360,2008,Misc,MTV Games,0.2,0,0,0.01,0.21
693,Over G Fighters,X360,2006,Simulation,Ubisoft,0.19,0.01,0,0.02,0.21
694,Hannah Montana: The Movie,X360,2009,Adventure,Disney Interactive Studios,0.14,0.05,0,0.02,0.21
695,Puss in Boots,X360,2011,Action,THQ,0.18,0.02,0,0.01,0.21
696,Hunted: The Demon's Forge,X360,2011,Role-Playing,Bethesda Softworks,0.12,0.06,0,0.02,0.21
697,50 Cent: Blood on the Sand,X360,2009,Shooter,THQ,0.12,0.07,0,0.02,0.21
698,Yoostar2,X360,2011,Misc,Unknown,0.1,0.09,0,0.02,0.21
699,SBK Superbike World Championship,X360,2008,Racing,Black Bean Games,0.06,0.14,0,0.01,0.21
700,XCOM,X360,2013,Shooter,Take-Two Interactive,0.1,0.09,0,0.02,0.21
701,Full Auto,X360,2006,Shooter,Sega,0.18,0.01,0,0.02,0.21
702,Virtua Tennis 4,X360,2011,Sports,Sega,0.09,0.09,0.01,0.02,0.21
703,NCAA Basketball 09,X360,2008,Sports,Electronic Arts,0.19,0,0,0.02,0.21
704,Dynasty Warriors: Strikeforce,X360,2009,Action,Tecmo Koei,0.11,0.06,0.02,0.02,0.2
705,StokEd,X360,2009,Sports,Zushi Games,0.18,0.01,0,0.01,0.2
706,Asura's Wrath,X360,2012,Action,Capcom,0.12,0.06,0.01,0.02,0.2
707,The Amazing Spider-Man 2 (2014),X360,2014,Action,Activision,0.08,0.1,0,0.02,0.2
708,NCAA March Madness 08,X360,2007,Sports,Electronic Arts,0.19,0,0,0.01,0.2
709,Bass Pro Shops: The Strike,X360,2009,Sports,XS Games,0.19,0,0,0.01,0.2
710,Hasbro Family Game Night 3,X360,2010,Misc,Electronic Arts,0.16,0.03,0,0.01,0.2
711,The BIGS 2,X360,2009,Sports,Take-Two Interactive,0.18,0.01,0,0.01,0.2
712,Vampire Rain,X360,2007,Action,Microsoft Game Studios,0.18,0,0.01,0.01,0.2
713,Prison Break: The Conspiracy,X360,2010,Adventure,Deep Silver,0.06,0.11,0,0.02,0.2
714,Ridge Racer 6,X360,2005,Racing,Namco Bandai Games,0.1,0.02,0.07,0.01,0.2
715,Rayman Raving Rabbids,X360,2007,Misc,Ubisoft,0.17,0.01,0,0.02,0.2
716,Way of the Samurai 3,X360,2009,Action,Gamebridge,0.12,0.05,0.02,0.02,0.2
717,Dead to Rights: Retribution,X360,2010,Shooter,Namco Bandai Games,0.1,0.08,0,0.02,0.2
718,Ashes Cricket 2009,X360,2009,Sports,Codemasters,0,0.18,0,0.01,0.2
719,Dark Messiah of Might and Magic Elements,X360,2008,Role-Playing,Ubisoft,0.16,0.02,0.01,0.02,0.2
720,CSI: Deadly Intent,X360,2009,Adventure,Ubisoft,0.1,0.08,0,0.02,0.2
721,Big League Sports,X360,2011,Sports,Activision,0.17,0.01,0,0.01,0.2
722,College Hoops 2K7,X360,2006,Sports,Take-Two Interactive,0.18,0,0,0.01,0.19
723,Star Trek: The Game,X360,2013,Action,Namco Bandai Games,0.1,0.07,0,0.02,0.19
724,Warriors Orochi,X360,2007,Action,Tecmo Koei,0.17,0.01,0,0.01,0.19
725,Final Fantasy XI: Online,X360,2006,Role-Playing,Square Enix,0.17,0.01,0,0.02,0.19
726,Dynasty Warriors: Gundam 2,X360,2008,Action,Namco Bandai Games,0.07,0.03,0.08,0.01,0.19
727,Jillian Michaels' Fitness Adventure,X360,2011,Misc,505 Games,0.16,0.02,0,0.01,0.19
728,Soldier of Fortune: Payback,X360,2007,Shooter,Activision,0.17,0,0,0.01,0.19
729,Monster Jam,X360,2007,Racing,Activision,0.18,0,0,0.01,0.19
730,Greg Hastings Paintball 2,X360,2010,Shooter,Majesco Entertainment,0.18,0,0,0.01,0.19
731,Front Mission Evolved,X360,2010,Shooter,Square Enix,0.09,0.07,0.02,0.02,0.19
732,Record of Agarest War,X360,2008,Role-Playing,Compile Heart,0.17,0,0.01,0.01,0.19
733,Body and Brain Connection,X360,2010,Misc,Namco Bandai Games,0.09,0.08,0,0.02,0.19
734,NCAA March Madness 07,X360,2007,Sports,Electronic Arts,0.18,0,0,0.01,0.19
735,Baja: Edge of Control,X360,2008,Racing,THQ,0.11,0.06,0,0.02,0.19
736,Armored Core V,X360,2012,Simulation,Namco Bandai Games,0.11,0.03,0.04,0.01,0.19
737,Conflict: Denied Ops,X360,2008,Shooter,Eidos Interactive,0.08,0.09,0,0.02,0.19
738,Zumba Fitness Rush,X360,2012,Sports,505 Games,0,0.16,0,0.02,0.19
739,You Don't Know Jack,X360,2011,Misc,THQ,0.18,0,0,0.01,0.19
740,Enchanted Arms,X360,2006,Role-Playing,Ubisoft,0.15,0.02,0,0.01,0.19
741,FaceBreaker,X360,2008,Fighting,Electronic Arts,0.15,0.02,0,0.02,0.19
742,Majin and the Forsaken Kingdom,X360,2010,Adventure,Namco Bandai Games,0.14,0.03,0,0.01,0.19
743,Dynasty Warriors Gundam,X360,2007,Action,Namco Bandai Games,0.15,0.01,0.02,0.01,0.18
744,DarkStar One: Broken Alliance,X360,2010,Simulation,Kalypso Media,0.09,0.07,0,0.02,0.18
745,Conan,X360,2007,Action,THQ,0.15,0.02,0,0.01,0.18
746,WipeOut 3 The Game,X360,2012,Action,Activision,0.17,0,0,0.01,0.18
747,Call of Juarez,X360,2007,Shooter,Ubisoft,0.14,0.02,0,0.01,0.18
748,SpongeBob's Surf & Skate Roadtrip,X360,2011,Action,THQ,0.14,0.03,0,0.01,0.18
749,Risen,X360,2009,Role-Playing,Deep Silver,0.06,0.11,0,0.01,0.18
750,DanceMasters,X360,2010,Misc,Konami Digital Entertainment,0.14,0.01,0.02,0.01,0.18
751,NBA Ballers: Chosen One,X360,2008,Sports,Midway Games,0.16,0,0,0.01,0.18
752,Earth Defense Force: Insect Armageddon,X360,2011,Shooter,D3Publisher,0.09,0.04,0.03,0.01,0.18
753,Lips: Party Classics,X360,2010,Misc,Microsoft Game Studios,0.05,0.11,0,0.02,0.18
754,Pure Futbol,X360,2010,Sports,Ubisoft,0.08,0.08,0,0.02,0.18
755,The Chronicles of Narnia: Prince Caspian,X360,2008,Action,Disney Interactive Studios,0.15,0.01,0,0.01,0.18
756,High School Musical 3: Senior Year DANCE!,X360,2008,Misc,Disney Interactive Studios,0.16,0,0,0.01,0.18
757,Sniper: Ghost Warrior 2,X360,2013,Shooter,City Interactive,0.04,0.11,0,0.02,0.17
758,Shadows of the Damned,X360,2011,Action,Electronic Arts,0.09,0.06,0.01,0.01,0.17
759,Star Trek: Legacy,X360,N/A,Simulation,Ubisoft,0.14,0.02,0,0.01,0.17
760,Ben 10 Ultimate Alien: Cosmic Destruction,X360,2010,Platform,D3Publisher,0.1,0.06,0,0.01,0.17
761,World of Outlaws: Sprint Cars,X360,2010,Racing,THQ,0.16,0,0,0.01,0.17
762,NHL 2K9,X360,2008,Sports,Take-Two Interactive,0.15,0.01,0,0.01,0.17
763,SBK X: Superbike World Championship,X360,2010,Racing,Black Bean Games,0.09,0.07,0,0.02,0.17
764,Race Pro,X360,2009,Racing,Atari,0.06,0.09,0,0.02,0.17
765,Top Spin 2,X360,2006,Sports,Take-Two Interactive,0.15,0,0,0.01,0.17
766,Binary Domain,X360,2012,Action,Sega,0.08,0.06,0.02,0.01,0.17
767,Velvet Assassin,X360,2009,Shooter,DTP Entertainment,0.13,0.02,0.01,0.01,0.17
768,Splatterhouse,X360,2010,Action,Namco Bandai Games,0.13,0.03,0,0.01,0.17
769,X-Men: The Official Game,X360,2006,Action,Activision,0.15,0,0,0.01,0.17
770,MotoGP 09/10,X360,2010,Racing,Capcom,0.06,0.09,0,0.02,0.17
771,Dynasty Warriors: Gundam 3,X360,2010,Action,Tecmo Koei,0.1,0.03,0.02,0.01,0.17
772,G-Force,X360,2009,Action,Disney Interactive Studios,0.11,0.05,0,0.01,0.17
773,Cabela's Survival: Shadows of Katmai,X360,2011,Sports,Activision,0.13,0.03,0,0.01,0.17
774,Country Dance: All Stars,X360,2012,Action,GameMill Entertainment,0.16,0,0,0.01,0.17
775,N3 II: Ninety-Nine Nights,X360,2010,Action,Microsoft Game Studios,0.05,0.06,0.04,0.01,0.17
776,Naval Assault: The Killing Tide,X360,2010,Simulation,505 Games,0.08,0.07,0,0.02,0.17
777,Backbreaker,X360,N/A,Sports,Unknown,0.16,0,0,0.01,0.17
778,Rise of the Argonauts,X360,2008,Role-Playing,Codemasters,0.03,0.12,0,0.01,0.17
779,College Hoops 2K8,X360,2007,Sports,Take-Two Interactive,0.15,0,0,0.01,0.16
780,Grand Slam Tennis 2,X360,2012,Sports,Electronic Arts,0.09,0.06,0,0.01,0.16
781,Marvel Super Hero Squad: Comic Combat,X360,2011,Action,THQ,0.11,0.04,0,0.01,0.16
782,Silent Hill HD Collection,X360,2012,Action,Konami Digital Entertainment,0.09,0.06,0.01,0.01,0.16
783,CSI: Fatal Conspiracy,X360,2010,Adventure,Ubisoft,0.11,0.04,0,0.01,0.16
784,Fairytale Fights,X360,2009,Action,Playlogic Game Factory,0.13,0.02,0,0.01,0.16
785,Bee Movie Game,X360,2007,Action,Activision,0.15,0,0,0.01,0.16
786,Leisure Suit Larry: Box Office Bust,X360,2009,Adventure,Codemasters,0.14,0.01,0,0.01,0.16
787,Captain America: Super Soldier,X360,2011,Action,Sega,0.1,0.05,0,0.01,0.16
788,Culdcept SAGA,X360,2006,Role-Playing,Namco Bandai Games,0.12,0,0.03,0.01,0.16
789,Rock Band Track Pack Volume 2,X360,2008,Misc,MTV Games,0.14,0,0,0.01,0.16
790,Hitman: HD Trilogy,X360,2013,Action,Square Enix,0.06,0.08,0,0.02,0.16
791,F1 2014,X360,2014,Action,Codemasters,0.03,0.11,0,0.02,0.16
792,Thrillville: Off the Rails,X360,2007,Strategy,LucasArts,0.13,0.02,0,0.01,0.16
793,Apache: Air Assault,X360,2010,Simulation,Activision,0.11,0.03,0,0.01,0.16
794,Monsters vs. Aliens,X360,2009,Platform,Activision,0.11,0.03,0,0.01,0.15
795,Syndicate,X360,2012,Shooter,Electronic Arts,0.08,0.06,0,0.01,0.15
796,Fuzion Frenzy 2,X360,2007,Misc,Microsoft Game Studios,0.13,0.01,0,0.01,0.15
797,El Shaddai: Ascension of the Metatron,X360,2011,Action,Ignition Entertainment,0.06,0.05,0.03,0.01,0.15
798,World Series of Poker: Tournament of Champions 2007 Edition,X360,2006,Misc,Activision,0.14,0,0,0.01,0.15
799,Shaun White Skateboarding,X360,2010,Sports,Ubisoft,0.09,0.05,0,0.01,0.15
800,Otomedius Excellent,X360,N/A,Shooter,Unknown,0.11,0,0.04,0.01,0.15
801,Blitz: The League,X360,2006,Sports,Midway Games,0.14,0,0,0.01,0.15
802,Final Fantasy XI: Vana'diel Collection 2008,X360,2007,Role-Playing,Square Enix,0.13,0,0.01,0.01,0.15
803,Fist of the North Star: Ken's Rage,X360,2010,Action,Ubisoft Annecy,0.07,0.02,0.06,0.01,0.15
804,FIFA 06: Road to FIFA World Cup,X360,2005,Sports,Electronic Arts,0.11,0.02,0.01,0.01,0.15
805,Hot Wheels: Beat That!,X360,2007,Racing,Activision,0.14,0,0,0.01,0.15
806,Blood Bowl,X360,2009,Sports,Focus Home Interactive,0.11,0.02,0,0.01,0.15
807,Warriors Orochi 3,X360,2011,Action,Ubisoft Annecy,0.08,0.03,0.03,0.01,0.15
808,Cars: Race-O-Rama,X360,2009,Racing,THQ,0.13,0.01,0,0.01,0.15
809,Zone of the Enders HD Collection,X360,2012,Simulation,Konami Digital Entertainment,0.1,0.03,0.01,0.01,0.15
810,Amped 3,X360,2005,Sports,Take-Two Interactive,0.12,0.02,0,0.01,0.15
811,Anarchy Reigns,X360,2012,Action,Sega,0.1,0.02,0.02,0.01,0.15
812,Saw II: Flesh & Blood,X360,2010,Action,Konami Digital Entertainment,0.1,0.04,0,0.01,0.15
813,Chaotic: Shadow Warriors,X360,2009,Action,Activision,0.14,0,0,0.01,0.15
814,NHL 2K10,X360,2009,Sports,Take-Two Interactive,0.11,0.02,0,0.01,0.15
815,Cars: Mater-National Championship,X360,2007,Racing,THQ,0.13,0,0,0.01,0.14
816,Remember Me,X360,2013,Action,Capcom,0.07,0.06,0,0.01,0.14
817,"BCFX: The Black College Football Xperience, The Doug Williams Edition",X360,2009,Sports,Aspyr,0.13,0,0,0.01,0.14
818,Armored Core: For Answer,X360,2008,Simulation,Ubisoft,0.06,0.01,0.07,0.01,0.14
819,Clash of the Titans: The Videogame,X360,2010,Action,Namco Bandai Games,0.07,0.06,0,0.01,0.14
820,Grease Dance,X360,2011,Misc,505 Games,0.1,0.03,0,0.01,0.14
821,Lips: I Love The 80s,X360,2010,Misc,Microsoft Game Studios,0,0.12,0,0.02,0.14
822,The Cursed Crusade,X360,2011,Action,DTP Entertainment,0.08,0.05,0,0.01,0.14
823,Teenage Mutant Ninja Turtles: Danger of the Ooze,X360,2014,Action,Activision,0.06,0.06,0,0.01,0.14
824,Sherlock Holmes vs. Jack the Ripper,X360,2009,Adventure,Focus Home Interactive,0.1,0.03,0,0.01,0.14
825,Jurassic Park: The Game,X360,N/A,Action,Unknown,0.13,0,0,0.01,0.14
826,Project Sylpheed: Arc of Deception,X360,2006,Shooter,Microsoft Game Studios,0.11,0.01,0.02,0.01,0.14
827,Risen 2: Dark Waters,X360,2012,Role-Playing,Deep Silver,0.05,0.08,0,0.01,0.14
828,Cabela's Big Game Hunter: Hunting Party,X360,2011,Sports,Activision,0.13,0,0,0.01,0.14
829,Stormrise,X360,2009,Strategy,Sega,0.1,0.03,0,0.01,0.14
830,Bakugan Battle Brawlers: Defenders of the Core,X360,2010,Action,Activision,0.11,0.02,0,0.01,0.14
831,Just Dance: Disney Party,X360,2012,Misc,Ubisoft,0.11,0.02,0,0.01,0.14
832,X-Blades,X360,2009,Action,SouthPeak Games,0.1,0.01,0.02,0.01,0.14
833,Thor: God of Thunder,X360,2011,Action,Sega,0.08,0.04,0,0.01,0.14
834,Dynasty Warriors 8,X360,2013,Action,Tecmo Koei,0.08,0.05,0,0.01,0.14
835,Marvel Super Hero Squad: The Infinity Gauntlet,X360,2010,Action,THQ,0.11,0.02,0,0.01,0.13
836,Cabela's African Safari,X360,2006,Sports,Activision Value,0.12,0,0,0.01,0.13
837,MotoGP '06,X360,2006,Racing,THQ,0.11,0.01,0,0.01,0.13
838,de Blob 2,X360,2011,Platform,THQ,0.08,0.04,0,0.01,0.13
839,Adrenalin Misfits,X360,2010,Racing,Konami Digital Entertainment,0.11,0.02,0,0.01,0.13
840,Heroes over Europe,X360,2009,Simulation,Ubisoft,0.1,0.02,0,0.01,0.13
841,NHL 2K8,X360,2007,Sports,Take-Two Interactive,0.11,0.01,0,0.01,0.13
842,International Cricket 2010,X360,2010,Sports,Codemasters,0,0.12,0,0.02,0.13
843,Bejeweled 3,X360,N/A,Puzzle,Unknown,0.13,0,0,0.01,0.13
844,The Crew,X360,2014,Racing,Ubisoft,0.02,0.09,0,0.02,0.13
845,NASCAR '14,X360,2014,Action,Deep Silver,0.13,0,0,0.01,0.13
846,Rock Band: Metal Track Pack,X360,2009,Misc,MTV Games,0.12,0,0,0.01,0.13
847,History Civil War: Secret Missions,X360,2008,Shooter,Activision,0.12,0,0,0.01,0.13
848,Cabela's Dangerous Hunts 2009,X360,2008,Sports,Activision,0.12,0,0,0.01,0.13
849,Just Cause,X360,2006,Action,Eidos Interactive,0.09,0.02,0.01,0.01,0.13
850,Blazing Angels 2: Secret Missions of WWII,X360,2007,Simulation,Ubisoft,0.1,0.02,0,0.01,0.13
851,Borderlands: Double Game Add-On Pack,X360,2010,Shooter,Take-Two Interactive,0.1,0.02,0,0.01,0.13
852,Monster Hunter Frontier Online,X360,2010,Role-Playing,Capcom,0,0,0.13,0,0.13
853,How to Train Your Dragon,X360,2010,Action,Activision,0.1,0.02,0,0.01,0.13
854,Fatal Inertia,X360,2007,Racing,Tecmo Koei,0.12,0,0,0.01,0.13
855,History Channel: Civil War - A Nation Divided,X360,2006,Shooter,Activision,0.12,0,0,0.01,0.13
856,Create,X360,2010,Misc,Electronic Arts,0.09,0.03,0,0.01,0.13
857,Avatar: The Last Airbender - The Burning Earth,X360,2007,Action,THQ,0.11,0.01,0,0.01,0.13
858,Hulk Hogan's Main Event,X360,2011,Fighting,505 Games,0.1,0.02,0,0.01,0.13
859,Scene It? Bright Lights! Big Screen!,X360,2009,Misc,Warner Bros. Interactive Entertainment,0.11,0,0,0.01,0.13
860,Rango: The Video Game,X360,2011,Action,Electronic Arts,0.05,0.06,0,0.01,0.13
861,Naruto Shippuden: Ultimate Ninja Storm Revolution,X360,2014,Fighting,Namco Bandai Games,0.05,0.06,0,0.01,0.13
862,Hour of Victory,X360,2007,Shooter,Midway Games,0.1,0.01,0,0.01,0.12
863,Divinity II: The Dragon Knight Saga,X360,2010,Role-Playing,Focus Home Interactive,0.1,0.02,0,0.01,0.12
864,Eat Lead: The Return of Matt Hazard,X360,2009,Shooter,D3Publisher,0.1,0.01,0,0.01,0.12
865,Eragon,X360,2006,Action,Vivendi Games,0.1,0.01,0,0.01,0.12
866,Rumble Roses XX,X360,2006,Fighting,Konami Digital Entertainment,0.06,0.01,0.04,0.01,0.12
867,NCIS,X360,2011,Adventure,Ubisoft,0.09,0.02,0,0.01,0.12
868,How to Train Your Dragon 2,X360,2014,Adventure,Little Orbit,0.03,0.08,0,0.01,0.12
869,Dynasty Warriors 5 Empires,X360,2006,Action,Tecmo Koei,0.11,0.01,0,0.01,0.12
870,The Smurfs 2,X360,2013,Action,Ubisoft,0.03,0.08,0,0.01,0.12
871,Destroy All Humans! Path of the Furon,X360,2008,Action,THQ,0.07,0.04,0,0.01,0.12
872,Venetica,X360,2010,Role-Playing,DTP Entertainment,0.08,0.03,0,0.01,0.12
873,Transformer: Rise of the Dark Spark,X360,2014,Action,Activision,0.05,0.06,0,0.01,0.12
874,Ice Age: Dawn of the Dinosaurs,X360,2009,Platform,Activision,0.09,0.02,0,0.01,0.12
875,WRC: FIA World Rally Championship,X360,N/A,Racing,Black Bean Games,0,0.1,0,0.02,0.12
876,Green Lantern: Rise of the Manhunters,X360,2011,Action,Warner Bros. Interactive Entertainment,0.06,0.04,0,0.01,0.12
877,SCORE International Baja 1000: The Official Game,X360,2008,Racing,Activision,0.1,0.01,0,0.01,0.12
878,Are You Smarter than a 5th Grader? Game Time,X360,2009,Puzzle,THQ,0.11,0,0,0.01,0.12
879,Persona 4: Arena,X360,2012,Fighting,Atlus,0.07,0.01,0.03,0.01,0.12
880,Karaoke Revolution,X360,2009,Misc,Konami Digital Entertainment,0.11,0,0,0.01,0.12
881,Megamind: Ultimate Showdown,X360,2010,Adventure,THQ,0.06,0.04,0,0.01,0.12
882,The History Channel: Great Battles - Medieval,X360,2010,Strategy,Slitherine Software,0.07,0.04,0,0.01,0.12
883,Birds of Steel,X360,2012,Simulation,Konami Digital Entertainment,0.07,0.03,0,0.01,0.12
884,Cabela's Alaskan Adventure,X360,2006,Sports,Activision,0.11,0,0,0.01,0.12
885,College Hoops 2K6,X360,2006,Sports,Take-Two Interactive,0.11,0,0,0.01,0.12
886,Jurassic: The Hunted,X360,2009,Shooter,Activision,0.11,0,0,0.01,0.12
887,NPPL Championship Paintball 2009,X360,2008,Shooter,Activision Value,0.1,0.01,0,0.01,0.12
888,Steel Battalion: Heavy Armor,X360,2012,Simulation,Capcom,0.07,0.02,0.02,0.01,0.12
889,Metal Gear Solid: Ground Zeroes,X360,2014,Action,Konami Digital Entertainment,0.05,0.05,0.01,0.01,0.12
890,Onechanbara: Bikini Samurai Squad,X360,2006,Action,D3Publisher,0.1,0.01,0,0.01,0.12
891,Victorious: Time to Shine,X360,2011,Action,D3Publisher,0.11,0,0,0.01,0.12
892,Let's Cheer,X360,2011,Misc,Take-Two Interactive,0.1,0,0,0.01,0.12
893,Twister Mania,X360,2011,Misc,505 Games,0.1,0.01,0,0.01,0.11
894,Raiden IV,X360,2008,Shooter,Moss,0.1,0,0.01,0.01,0.11
895,Dance Paradise,X360,2010,Misc,Mindscape,0.1,0.01,0,0.01,0.11
896,Blackwater,X360,2011,Shooter,505 Games,0.08,0.02,0,0.01,0.11
897,Power Gig: Rise of the SixString,X360,2010,Misc,Unknown,0.11,0,0,0.01,0.11
898,Karaoke Revolution Glee: Volume 3,X360,2011,Misc,Konami Digital Entertainment,0.11,0,0,0.01,0.11
899,Lost Planet 3,X360,2013,Action,Capcom,0.06,0.03,0.01,0.01,0.11
900,Open Season,X360,2006,Platform,Ubisoft,0.1,0,0,0.01,0.11
901,Earth Defense Force 2025,X360,2013,Shooter,D3Publisher,0.03,0.03,0.05,0.01,0.11
902,Phantasy Star Universe,X360,2006,Role-Playing,Sega,0.09,0.01,0,0.01,0.11
903,Monster Jam: Path of Destruction,X360,2010,Racing,Activision,0.1,0,0,0.01,0.11
904,Night at the Museum: Battle of the Smithsonian,X360,2009,Action,Majesco Entertainment,0.07,0.03,0,0.01,0.11
905,Kung-Fu: High Impact,X360,2011,Action,Black Bean Games,0.07,0.03,0,0.01,0.11
906,Space Chimps,X360,2008,Platform,Brash Entertainment,0.1,0,0,0.01,0.11
907,Hellboy: The Science of Evil,X360,2008,Action,Konami Digital Entertainment,0.1,0,0,0.01,0.11
908,Pinball Hall of Fame: The Williams Collection,X360,2009,Misc,Crave Entertainment,0.1,0,0,0.01,0.11
909,Pimp My Ride,X360,2006,Racing,Activision,0.09,0,0,0.01,0.11
910,The Spiderwick Chronicles,X360,2008,Action,Vivendi Games,0.09,0.01,0,0.01,0.11
911,Where the Wild Things Are,X360,2009,Platform,Warner Bros. Interactive Entertainment,0.1,0,0,0.01,0.11
912,Ridge Racer Unbounded,X360,2012,Racing,Namco Bandai Games,0.05,0.05,0,0.01,0.11
913,Karaoke Revolution Presents American Idol Encore,X360,2008,Misc,Konami Digital Entertainment,0.1,0,0,0.01,0.11
914,Monster Madness: Battle for Suburbia,X360,2007,Shooter,SouthPeak Games,0.1,0,0,0.01,0.11
915,Planet 51,X360,2009,Action,Sega,0.06,0.03,0,0.01,0.11
916,The King of Fighters XII,X360,2009,Fighting,Ignition Entertainment,0.09,0,0.01,0.01,0.11
917,NFL Head Coach 09,X360,2008,Sports,Electronic Arts,0.1,0,0,0.01,0.11
918,Nascar Unleashed,X360,2011,Racing,Activision,0.1,0,0,0.01,0.11
919,Truth or Lies,X360,2010,Misc,THQ,0.07,0.03,0,0.01,0.11
920,Smash Court Tennis 3,X360,2007,Sports,Atari,0.08,0.02,0,0.01,0.11
921,Blood Drive,X360,2010,Racing,Activision,0.08,0.01,0,0.01,0.1
922,Rogue Warrior,X360,2009,Shooter,Bethesda Softworks,0.09,0.01,0,0.01,0.1
923,Winning Eleven: Pro Evolution Soccer 2007,X360,2006,Sports,Konami Digital Entertainment,0.09,0,0,0.01,0.1
924,Backyard NFL Football '10,X360,2009,Sports,Atari,0.1,0,0,0.01,0.1
925,Warhammer: Battle March,X360,2008,Strategy,Deep Silver,0.08,0.02,0,0.01,0.1
926,Hole in the Wall: Deluxe Edition,X360,2011,Misc,Ubisoft,0.1,0,0,0.01,0.1
927,Cabela's North American Adventures,X360,2010,Sports,Activision,0.1,0,0,0.01,0.1
928,Fantastic Four: Rise of the Silver Surfer,X360,2007,Action,Take-Two Interactive,0.09,0.01,0,0.01,0.1
929,Surf's Up,X360,2007,Sports,Ubisoft,0.09,0,0,0.01,0.1
930,Nicktoons MLB,X360,2011,Sports,Take-Two Interactive,0.1,0,0,0.01,0.1
931,FlatOut: Ultimate Carnage,X360,2007,Racing,Empire Interactive,0.07,0.02,0,0.01,0.1
932,NFL Tour,X360,2008,Sports,Electronic Arts,0.09,0,0,0.01,0.1
933,The Penguins of Madagascar: Dr. Blowhole Returns - Again!,X360,2011,Action,THQ,0.06,0.03,0,0.01,0.1
934,The Price is Right: Decades,X360,2011,Misc,Ubisoft,0.09,0,0,0.01,0.1
935,NHL 2K6,X360,2005,Sports,Take-Two Interactive,0.09,0,0,0.01,0.1
936,Fuse,X360,2013,Shooter,Electronic Arts,0.06,0.03,0,0.01,0.1
937,Killer is Dead,X360,2013,Action,Deep Silver,0.06,0.02,0.01,0.01,0.1
938,Universe at War: Earth Assault,X360,2008,Strategy,Sega,0.09,0,0,0.01,0.1
939,Self-Defense Training Camp,X360,2011,Sports,Ubisoft,0.06,0.03,0,0.01,0.1
940,Deepak Chopra's Leela,X360,2011,Misc,THQ,0.06,0.03,0,0.01,0.1
941,Cabela's Adventure Camp,X360,2011,Misc,Activision,0.07,0.02,0,0.01,0.1
942,Bullet Witch,X360,2006,Shooter,Atari,0.07,0.01,0.02,0.01,0.1
943,Watchmen: The End is Nigh Part 1 & 2,X360,2009,Action,Warner Bros. Interactive Entertainment,0.09,0,0,0.01,0.1
944,nail'd,X360,2010,Racing,Deep Silver,0.07,0.02,0,0.01,0.09
945,Disney Sing It! High School Musical 3: Senior Year,X360,2009,Misc,Disney Interactive Studios,0.09,0,0,0.01,0.09
946,Blitz: The League II,X360,2008,Sports,Midway Games,0.07,0.01,0,0.01,0.09
947,Castlevania: Lords of Shadow 2,X360,2014,Action,Konami Digital Entertainment,0.02,0.06,0,0.01,0.09
948,Bladestorm: The Hundred Years' War,X360,2007,Action,Tecmo Koei,0.08,0.01,0,0.01,0.09
949,NeverDead,X360,2012,Shooter,Konami Digital Entertainment,0.06,0.03,0,0.01,0.09
950,Tetris Evolution,X360,2007,Puzzle,THQ,0.07,0.02,0,0.01,0.09
951,Michael Phelps: Push the Limit,X360,2011,Sports,505 Games,0.07,0.01,0,0.01,0.09
952,Darkest of Days,X360,2009,Shooter,Phantom EFX,0.09,0,0,0.01,0.09
953,Backyard Sports Football: Rookie Rush,X360,2010,Sports,Atari,0.09,0,0,0.01,0.09
954,The X-Factor,X360,2010,Misc,Deep Silver,0,0.08,0,0.01,0.09
955,Fallout 3 Game Add-On Pack: The Pitt and Operation: Anchorage,X360,2009,Role-Playing,Bethesda Softworks,0.08,0,0,0.01,0.09
956,Bodycount,X360,2011,Shooter,Codemasters,0.05,0.03,0,0.01,0.09
957,Alvin and the Chipmunks: Chipwrecked,X360,2011,Misc,505 Games,0.08,0.01,0,0.01,0.09
958,MySims SkyHeroes,X360,2010,Action,Electronic Arts,0.08,0,0,0.01,0.09
959,Nickelodeon Dance,X360,2011,Misc,Take-Two Interactive,0.07,0.02,0,0.01,0.09
960,The First Templar,X360,2011,Action,Kalypso Media,0.05,0.03,0,0.01,0.09
961,Winter Stars,X360,2011,Sports,Deep Silver,0.05,0.04,0,0.01,0.09
962,Record of Agarest War Zero,X360,2010,Strategy,Compile Heart,0.09,0,0,0,0.09
963,CSI: Hard Evidence,X360,2007,Adventure,Ubisoft,0.07,0.02,0,0.01,0.09
964,Family Feud: 2012 Edition,X360,2011,Misc,Ubisoft,0.09,0,0,0,0.09
965,Man vs. Wild,X360,2011,Adventure,Crave Entertainment,0.09,0,0,0,0.09
966,Raven Squad: Operation Hidden Dagger,X360,2009,Shooter,Evolved Games,0.08,0,0,0.01,0.09
967,Import Tuner Challenge (American sales),X360,2006,Racing,Ubisoft,0.07,0.01,0,0.01,0.09
968,Karaoke Revolution Presents American Idol Encore 2,X360,2008,Misc,Konami Digital Entertainment,0.08,0,0,0.01,0.09
969,Zoids Assault,X360,2007,Strategy,Takara Tomy,0.08,0,0,0.01,0.09
970,Ben 10 Galactic Racing,X360,2011,Racing,D3Publisher,0.06,0.02,0,0.01,0.09
971,Pac-Man and the Ghostly Adventures 2,X360,2014,Action,Namco Bandai Games,0.03,0.05,0,0.01,0.09
972,Backyard Sports: Sandlot Sluggers,X360,2010,Sports,Atari,0.08,0,0,0.01,0.09
973,Quantum Theory,X360,2010,Shooter,Tecmo Koei,0.05,0.02,0,0.01,0.09
974,Arcania: Gothic 4,X360,2010,Role-Playing,JoWood Productions,0.03,0.04,0.01,0.01,0.09
975,ShellShock 2: Blood Trails,X360,2009,Shooter,Eidos Interactive,0.05,0.03,0,0.01,0.09
976,JASF: Jane's Advanced Strike Fighters,X360,2011,Simulation,Deep Silver,0.06,0.02,0,0.01,0.08
977,NASCAR The Game: Inside Line,X360,2012,Action,Activision,0.08,0,0,0,0.08
978,Blades of Time,X360,2012,Action,Konami Digital Entertainment,0.06,0.02,0,0.01,0.08
979,Spectral Force 3,X360,2006,Role-Playing,Idea Factory,0.08,0,0,0.01,0.08
980,America's Army: True Soldiers,X360,2007,Shooter,Ubisoft,0.08,0,0,0.01,0.08
981,Pro Evolution Soccer 2015,X360,2014,Sports,Konami Digital Entertainment,0.01,0.06,0,0.01,0.08
982,Shrek: Forever After,X360,2010,Platform,Activision,0.08,0,0,0.01,0.08
983,Adventure Time: Explore the Dungeon Because I Don't Know!,X360,2013,Action,D3Publisher,0.03,0.05,0,0.01,0.08
984,Field & Stream: Total Outdoorsman Challenge,X360,2010,Sports,505 Games,0.08,0,0,0,0.08
985,Battle Fantasia,X360,2008,Fighting,505 Games,0.07,0,0.01,0.01,0.08
986,Little League World Series Baseball 2010,X360,2010,Sports,Activision,0.08,0,0,0,0.08
987,NHL 2K7,X360,2006,Sports,Take-Two Interactive,0.07,0,0,0.01,0.08
988,Steins;Gate: Hiyoku Renri no Darling,X360,2011,Adventure,5pb,0,0,0.08,0,0.08
989,Murdered: Soul Suspect,X360,2014,Action,Square Enix,0.04,0.03,0,0.01,0.08
990,MindJack,X360,2011,Shooter,Square Enix,0.06,0.02,0,0.01,0.08
991,Rio,X360,2011,Misc,THQ,0.04,0.03,0,0.01,0.08
992,Looney Tunes: Acme Arsenal,X360,2007,Action,Warner Bros. Interactive Entertainment,0.06,0.01,0,0.01,0.08
993,Get Fit with Mel B,X360,N/A,Sports,Black Bean Games,0,0.06,0,0.01,0.08
994,Supremacy MMA,X360,2011,Fighting,505 Games,0.05,0.02,0,0.01,0.08
995,2 in 1 Combo Pack: Sonic Heroes / Super Monkey Ball Deluxe,X360,2013,Misc,Ubisoft,0.06,0.01,0,0.01,0.08
996,The Idolm@ster,X360,2007,Simulation,Namco Bandai Games,0,0,0.08,0,0.08
997,F.E.A.R. Files,X360,2007,Shooter,Vivendi Games,0.06,0.01,0,0.01,0.08
998,Samurai Warriors 2,X360,2006,Action,Tecmo Koei,0.06,0.01,0,0.01,0.08
999,Infernal: Hell's Vengeance,X360,2009,Shooter,Playlogic Game Factory,0.06,0.01,0,0.01,0.08
1000,Knights Contract,X360,2011,Action,Namco Bandai Games,0.04,0.03,0,0.01,0.08
1001,PAC-MAN and the Ghostly Adventures,X360,2013,Action,Namco Bandai Games,0.04,0.03,0,0.01,0.08
1002,Who Wants to Be A Millionaire?,X360,2011,Misc,Ubisoft,0.07,0,0,0,0.08
1003,World Series of Poker 2008: Battle for the Bracelets,X360,2007,Misc,Activision,0.06,0.01,0,0.01,0.08
1004,Qubed,X360,2009,Puzzle,Atari,0.07,0,0,0,0.08
1005,Air Conflicts: Secret Wars,X360,2011,Simulation,bitComposer Games,0.05,0.02,0,0.01,0.08
1006,Jimmie Johnson's Anything With an Engine,X360,2011,Racing,Konami Digital Entertainment,0.07,0,0,0,0.08
1007,Deadliest Catch: Sea of Chaos,X360,2010,Sports,Crave Entertainment,0.07,0,0,0,0.08
1008,Happy Feet Two,X360,N/A,Adventure,Warner Bros. Interactive Entertainment,0.06,0.01,0,0.01,0.07
1009,The Idolm@ster: Live for You!,X360,2008,Misc,Namco Bandai Games,0,0,0.07,0,0.07
1010,Zoo Tycoon (2013),X360,2013,Action,Microsoft Game Studios,0.01,0.05,0,0.01,0.07
1011,Kengo: Legend of The 9,X360,2006,Fighting,Majesco Entertainment,0.06,0.01,0,0.01,0.07
1012,Bass Pro Shops: The Hunt,X360,2010,Sports,Griffin International,0.07,0,0,0,0.07
1013,Samurai Shodown Sen,X360,2009,Fighting,Rising Star Games,0.06,0.01,0,0,0.07
1014,Disney's Meet the Robinsons,X360,2007,Action,Disney Interactive Studios,0.07,0,0,0,0.07
1015,WRC 2: FIA World Rally Championship,X360,2011,Racing,Ubisoft,0,0.06,0,0.01,0.07
1016,GRID: Autosport,X360,2014,Racing,Codemasters,0.02,0.05,0,0.01,0.07
1017,Cloudy With a Chance of Meatballs,X360,2009,Adventure,Ubisoft,0.06,0,0,0.01,0.07
1018,Ultimate Marvel vs. Capcom 3,X360,2011,Fighting,Capcom,0,0.03,0.04,0,0.07
1019,SpongeBob's Truth or Square,X360,2009,Action,THQ,0.03,0.04,0,0,0.07
1020,Damnation,X360,2009,Shooter,Codemasters,0.06,0.01,0,0.01,0.07
1021,Earth Defense Force 2017,X360,2006,Shooter,D3Publisher,0.03,0,0.03,0,0.07
1022,The Walking Dead: Season Two,X360,2014,Adventure,Telltale Games,0.02,0.04,0,0.01,0.07
1023,Winter Sports 2: The Next Challenge,X360,2008,Sports,RTL,0.05,0.01,0,0.01,0.07
1024,Bionicle Heroes,X360,2006,Shooter,Eidos Interactive,0.05,0.01,0,0.01,0.07
1025,Konami Classics Vol. 1,X360,2009,Misc,Konami Digital Entertainment,0.06,0,0,0,0.07
1026,Supreme Commander,X360,2008,Strategy,505 Games,0.05,0.01,0,0.01,0.07
1027,Xbox Live Arcade Unplugged Volume 1,X360,2006,Misc,Microsoft Game Studios,0.05,0.01,0,0.01,0.07
1028,Tornado Outbreak,X360,2009,Action,Konami Digital Entertainment,0.06,0,0,0,0.07
1029,Rock Band Track Pack: Classic Rock,X360,2009,Misc,MTV Games,0.06,0,0,0,0.07
1030,Raiden Fighters Aces,X360,2008,Shooter,Valcon Games,0.06,0,0,0,0.07
1031,Dream C Club,X360,2009,Simulation,D3Publisher,0,0,0.07,0,0.07
1032,Hasbro Family Game Night Fun Pack,X360,2011,Misc,Electronic Arts,0.06,0,0,0,0.07
1033,Operation Darkness,X360,2007,Role-Playing,Success,0.06,0,0,0,0.06
1034,MLB Front Office Manager,X360,2009,Sports,Take-Two Interactive,0.06,0,0,0,0.06
1035,Cartoon Network: Punch Time Explosion XL,X360,2011,Fighting,Crave Entertainment,0.06,0,0,0,0.06
1036,DanceDanceRevolution,X360,2011,Simulation,Konami Digital Entertainment,0.06,0,0,0,0.06
1037,Steins;Gate,X360,2009,Adventure,5pb,0,0,0.06,0,0.06
1038,Family Game Night 4: The Game Show,X360,2011,Misc,Electronic Arts,0.06,0,0,0,0.06
1039,SBK 2011: FIM Superbike World Championship,X360,2011,Racing,Black Bean Games,0,0.05,0,0.01,0.06
1040,MotoGP 10/11,X360,2011,Racing,Capcom,0,0.05,0,0.01,0.06
1041,Legend of the Guardians: The Owls of Ga'Hoole,X360,2010,Action,Warner Bros. Interactive Entertainment,0.05,0.01,0,0,0.06
1042,Fist of the North Star: Ken's Rage 2,X360,2012,Fighting,Tecmo Koei,0.03,0.01,0.02,0,0.06
1043,Generator Rex: Agent of Providence,X360,2011,Action,Activision,0.05,0.01,0,0,0.06
1044,Monkey Island: Special Edition Collection,X360,2011,Adventure,Activision,0,0.05,0,0.01,0.06
1045,Motion Explosion!,X360,2011,Misc,505 Games,0.05,0.01,0,0,0.06
1046,Mobile Ops: The One Year War,X360,N/A,Simulation,Namco Bandai Games,0,0,0.06,0,0.06
1047,Jumper: Griffin's Story,X360,2008,Action,Eidos Interactive,0.05,0,0,0,0.06
1048,Warriors Orochi 2,X360,2008,Action,Tecmo Koei,0.04,0,0.01,0,0.06
1049,National Geographic Challenge!,X360,N/A,Misc,Unknown,0.05,0,0,0,0.06
1050,Top Gun: Hard Lock,X360,2012,Action,505 Games,0.03,0.02,0,0,0.06
1051,Warriors: Legends of Troy,X360,2011,Action,Tecmo Koei,0,0.04,0.01,0.01,0.06
1052,DreamWorks Super Star Kartz,X360,2011,Racing,Activision,0.04,0.01,0,0,0.06
1053,Champion Jockey: G1 Jockey & Gallop Racer,X360,2011,Sports,Tecmo Koei,0,0.04,0,0.01,0.06
1054,Brave: A Warrior's Tale,X360,2009,Action,SouthPeak Games,0.05,0,0,0,0.05
1055,Dragon Ball Z: Battle of Z,X360,2014,Fighting,Namco Bandai Games,0,0.04,0,0.01,0.05
1056,Port Royale 3,X360,N/A,Simulation,Kalypso Media,0.05,0,0,0,0.05
1057,Mayhem 3D,X360,2011,Racing,Evolved Games,0.05,0,0,0,0.05
1058,The Idolmaster 2,X360,2011,Simulation,Namco Bandai Games,0,0,0.05,0,0.05
1059,UEFA Champions League 2006-2007,X360,2007,Sports,Electronic Arts,0.04,0.01,0,0,0.05
1060,DoDonPachi Resurrection,X360,2010,Shooter,Rising Star Games,0,0.04,0,0.01,0.05
1061,History Channel: Battle for the Pacific,X360,2007,Shooter,Activision,0.05,0,0,0,0.05
1062,Arcana Heart 3,X360,2011,Fighting,PQube,0,0.02,0.02,0,0.05
1063,Cabela's Big Game Hunter (2008),X360,2007,Sports,Activision Value,0.05,0,0,0,0.05
1064,Tour de France 2011,X360,N/A,Racing,Focus Home Interactive,0,0.04,0,0.01,0.05
1065,Call of Duty: The War Collection,X360,2010,Shooter,Activision,0.05,0,0,0,0.05
1066,Inversion,X360,2012,Shooter,Namco Bandai Games,0.03,0.02,0,0,0.05
1067,Yoostar on MTV,X360,N/A,Misc,Unknown,0.05,0,0,0,0.05
1068,Escape Dead Island,X360,2014,Action,Deep Silver,0.01,0.03,0,0.01,0.05
1069,Lucha Libre AAA: Heroes del Ring,X360,2010,Fighting,Konami Digital Entertainment,0.05,0,0,0,0.05
1070,Hail to the Chimp,X360,2008,Misc,Gamecock,0.05,0,0,0,0.05
1071,The Lord of the Rings: The Battle for Middle-Earth II,X360,2006,Strategy,Electronic Arts,0,0.04,0,0.01,0.05
1072,MorphX,X360,2010,Shooter,505 Games,0.04,0,0,0,0.05
1073,Forza Motorsport 3: Ultimate Edition,X360,2010,Racing,Microsoft Game Studios,0,0.04,0,0.01,0.05
1074,Secret Service,X360,2008,Action,Activision Value,0.04,0,0,0,0.05
1075,MotoGP 14,X360,2014,Racing,Milestone S.r.l.,0.01,0.04,0,0.01,0.05
1076,Rapala Fishing Frenzy 2009,X360,2008,Sports,Activision,0.04,0,0,0,0.05
1077,World Championship Poker: Featuring Howard Lederer - All In,X360,2006,Misc,Oxygen Interactive,0.04,0,0,0,0.05
1078,Akai Katana Shin,X360,2011,Shooter,Cave,0.03,0,0.01,0,0.05
1079,Lips: Deutsche Partyknaller,X360,2009,Misc,Microsoft Game Studios,0,0.04,0,0.01,0.05
1080,Risen 3: Titan Lords,X360,2014,Role-Playing,Deep Silver,0.01,0.03,0,0.01,0.04
1081,Cabela's Trophy Bucks,X360,2007,Sports,Activision Value,0.04,0,0,0,0.04
1082,Rock of the Dead,X360,2010,Shooter,Conspiracy Entertainment,0.04,0,0,0,0.04
1083,Damage Inc.: Pacific Squadron WWII,X360,2012,Simulation,Mad Catz,0.04,0,0,0,0.04
1084,Adventure Time: The Secret of the Nameless Kingdom,X360,2014,Action,Little Orbit,0,0.03,0,0.01,0.04
1085,Enemy Front,X360,2014,Shooter,Namco Bandai Games,0.01,0.03,0,0,0.04
1086,Deadliest Catch: Alaskan Storm,X360,2008,Sports,Navarre Corp,0.04,0,0,0,0.04
1087,WarTech: Senko no Ronde,X360,2006,Fighting,Ubisoft,0.04,0,0,0,0.04
1088,Gal*Gun,X360,2011,Shooter,Alchemist,0,0,0.04,0,0.04
1089,Attack of the Movies 3D,X360,2010,Shooter,Majesco Entertainment,0.04,0,0,0,0.04
1090,Gray Matter,X360,2011,Adventure,DTP Entertainment,0,0.03,0,0.01,0.04
1091,Phantom Breaker,X360,2011,Fighting,5pb,0.02,0,0.02,0,0.04
1092,Tropico 5,X360,2014,Action,Kalypso Media,0.02,0.02,0,0,0.04
1093,Rock Band Country Track Pack 2,X360,2011,Misc,MTV Games,0.04,0,0,0,0.04
1094,WSC Real 11: World Snooker Championship,X360,2011,Sports,Koch Media,0,0.03,0,0.01,0.04
1095,Stoked: Big Air Edition,X360,2009,Sports,Namco Bandai Games,0.02,0.02,0,0,0.04
1096,Bomberman: Act Zero,X360,2006,Puzzle,Konami Digital Entertainment,0.03,0,0,0,0.04
1097,Ski-Doo Snowmobile Challenge,X360,2009,Racing,Valcon Games,0.03,0,0,0,0.04
1098,Deadliest Warrior: Ancient Combat,X360,2012,Fighting,Cloud Imperium Games Corporation,0.04,0,0,0,0.04
1099,Monster Hunter Frontier Online: Season 9.0,X360,2010,Role-Playing,Capcom,0,0,0.04,0,0.04
1100,Chaos;Head Noah,X360,2009,Adventure,5pb,0,0,0.04,0,0.04
1101,Espgaluda II Black Label,X360,2010,Shooter,Cave,0,0,0.04,0,0.04
1102,Zumba Fitness Core,X360,2012,Misc,505 Games,0,0.03,0,0,0.04
1103,Yaiba: Ninja Gaiden Z,X360,2014,Action,Tecmo Koei,0.02,0.01,0,0,0.04
1104,Ride to Hell,X360,2013,Racing,Deep Silver,0.02,0.01,0,0,0.04
1105,DuckTales: Remastered,X360,2013,Action,Capcom,0.03,0,0,0,0.04
1106,Persona 4: The Ultimax Ultra Suplex Hold,X360,2014,Action,Atlus,0.03,0.01,0,0,0.03
1107,Test Drive: Ferrari Legends,X360,2012,Racing,Atari,0.03,0,0,0,0.03
1108,Sacred 3,X360,2014,Role-Playing,Deep Silver,0.01,0.02,0,0,0.03
1109,Virtua Tennis 3,X360,2007,Sports,Sega,0.02,0.01,0,0,0.03
1110,World of Tanks,X360,2020,Shooter,Wargaming.net,0,0.03,0,0,0.03
1111,Samurai Warriors 2: Empires,X360,2007,Action,Tecmo Koei,0.02,0,0.01,0,0.03
1112,Dream C Club Zero,X360,2011,Simulation,D3Publisher,0,0,0.03,0,0.03
1113,PopCap Arcade Vol 1,X360,2007,Puzzle,PopCap Games,0.03,0,0,0,0.03
1114,Burnout Paradise: The Ultimate Box,X360,2009,Racing,Electronic Arts,0,0.03,0,0,0.03
1115,Crash Time: Autobahn Pusuit,X360,2008,Racing,RTL,0.03,0,0,0,0.03
1116,Majesty 2: The Fantasy Kingdom Sim,X360,N/A,Simulation,Unknown,0.03,0,0,0,0.03
1117,PopCap Arcade Vol 2,X360,2009,Misc,PopCap Games,0.03,0,0,0,0.03
1118,Chaos;Head - Love Chu*Chu!,X360,2010,Adventure,5pb,0,0,0.03,0,0.03
1119,Mushihimesama Futari Ver 1.5,X360,2009,Shooter,Cave,0,0,0.03,0,0.03
1120,Otomedius Gorgeous,X360,2008,Shooter,Konami Digital Entertainment,0,0,0.03,0,0.03
1121,Summer Athletics: The Ultimate Challenge,X360,2008,Sports,DTP Entertainment,0.02,0.01,0,0,0.03
1122,Dennou Senki Virtual-On Force,X360,2010,Fighting,Sega,0,0,0.03,0,0.03
1123,MLB 2K12 / NBA 2K12 Combo Pack,X360,2012,Sports,Take-Two Interactive,0.03,0,0,0,0.03
1124,Senko no Ronde DUO,X360,2010,Fighting,G.Rev,0,0,0.03,0,0.03
1125,Fantasia: Music Evolved,X360,2014,Misc,Disney Interactive Studios,0.02,0.01,0,0,0.03
1126,Monster Hunter Frontier Online: Season 10,X360,2011,Role-Playing,Capcom,0,0,0.03,0,0.03
1127,NatGeo Challenge! Wild Life,X360,2010,Misc,Black Bean Games,0,0.02,0,0,0.03
1128,DeathSmiles II X,X360,2010,Shooter,Cave,0,0,0.03,0,0.03
1129,Battle vs. Chess,X360,2011,Misc,TopWare Interactive,0,0.02,0,0,0.03
1130,Onechanbara Z Kagura,X360,2012,Action,D3Publisher,0,0,0.03,0,0.03
1131,Summer Athletics 2009,X360,2009,Sports,49Games,0,0.02,0,0,0.03
1132,Biohazard: Revival Selection,X360,2011,Action,Capcom,0,0,0.03,0,0.03
1133,Monster Hunter Frontier Online: Forward 1,X360,2011,Role-Playing,Capcom,0,0,0.03,0,0.03
1134,Rugby League Live,X360,2010,Sports,Home Entertainment Suppliers,0,0.02,0,0,0.03
1135,Clannad,X360,2008,Adventure,Prototype,0,0,0.03,0,0.03
1136,Triple Pack: Xbox Live Arcade Compilation,X360,2011,Misc,Microsoft Game Studios,0.02,0,0,0,0.03
1137,Alien Breed Trilogy,X360,2011,Shooter,Mastertronic,0,0.02,0,0,0.03
1138,Monster Hunter Frontier Online: Forward 2,X360,2011,Role-Playing,Capcom,0,0,0.03,0,0.03
1139,Brothers in Arms: Furious 4,X360,2012,Shooter,Ubisoft,0.01,0.01,0,0,0.03
1140,DoDonPachi Dai-Oujou: Black Label Extra,X360,2009,Shooter,5pb,0,0,0.02,0,0.02
1141,No More Heroes: Heroes' Paradise,X360,2010,Action,Marvelous Interactive,0,0,0.02,0,0.02
1142,Rapala Tournament Fishing!,X360,2006,Sports,Activision,0.02,0,0,0,0.02
1143,Rapala for Kinect,X360,2011,Sports,Activision,0,0.02,0,0,0.02
1144,11eyes: CrossOver,X360,2009,Adventure,5pb,0,0,0.02,0,0.02
1145,Cross Channel: In Memory of All People,X360,2011,Adventure,CyberFront,0,0,0.02,0,0.02
1146,Serious Sam HD: Gold Edition,X360,2011,Shooter,Mastertronic,0,0.02,0,0,0.02
1147,Steins;Gate: Senkei Kousoku no Phonogram,X360,2013,Adventure,5pb,0,0,0.02,0,0.02
1148,Enchanted Arms (JP sales),X360,2006,Role-Playing,Ubisoft,0,0,0.02,0,0.02
1149,PopCap Hits! Vol 2,X360,2011,Misc,Mastertronic,0,0.02,0,0,0.02
1150,Sherlock Holmes: Crimes & Punishments,X360,2014,Adventure,Focus Home Interactive,0.01,0.01,0,0,0.02
1151,SpongeBob SquarePants: Plankton's Robotic Revenge,X360,2013,Action,Activision,0.02,0,0,0,0.02
1152,Indianapolis 500 Evolution,X360,2009,Racing,Zushi Games,0.02,0,0,0,0.02
1153,Winter Sports 2011,X360,2011,Sports,DTP Entertainment,0,0.02,0,0,0.02
1154,Ore no Yome: Anata Dake no Hanayome,X360,2010,Adventure,Idea Factory,0,0,0.02,0,0.02
1155,Robotics;Notes,X360,2012,Adventure,5pb,0,0,0.02,0,0.02
1156,Meikyuu Cross Blood: Reloaded,X360,2011,Action,Unknown,0,0,0.02,0,0.02
1157,PDC World Championship Darts: Pro Tour,X360,2010,Sports,O-Games,0,0.02,0,0,0.02
1158,The Testament of Sherlock Holmes,X360,2012,Adventure,Focus Home Interactive,0,0.02,0,0,0.02
1159,Digimon All-Star Rumble,X360,2014,Fighting,Namco Bandai Games,0.01,0.01,0,0,0.02
1160,Muchi Muchi Pork & Pink Sweets,X360,2011,Shooter,Cave,0,0,0.02,0,0.02
1161,Mushihimesama,X360,2012,Action,Cave,0,0,0.02,0,0.02
1162,PopCap Hits!,X360,2011,Misc,PopCap Games,0,0.02,0,0,0.02
1163,Ketsui: Kizuna Jigoku Tachi Extra,X360,2010,Shooter,5pb,0,0,0.02,0,0.02
1164,Painkiller: Hell & Damnation,X360,2013,Shooter,Nordic Games,0,0.01,0,0,0.02
1165,Worms,X360,2007,Strategy,Microsoft Game Studios,0,0.01,0,0,0.02
1166,Let's Dance with Mel B,X360,2011,Sports,Black Bean Games,0,0.01,0,0,0.02
1167,Memories Off: Yubikiri no Kioku,X360,2010,Adventure,5pb,0,0,0.02,0,0.02
1168,Strike Witches: Shirogane no Tsubasa,X360,2010,Strategy,CyberFront,0,0,0.02,0,0.02
1169,Dunamis 15,X360,2011,Adventure,5pb,0,0,0.02,0,0.02
1170,W.L.O. Sekai Renai Kikousen,X360,2010,Adventure,5pb,0,0,0.02,0,0.02
1171,Final Fantasy XI: All-In-One Pack 2006,X360,2006,Role-Playing,Square Enix,0,0,0.02,0,0.02
1172,Turbo: Super Stunt Squad,X360,2013,Sports,D3Publisher,0,0.01,0,0,0.02
1173,Earth Defense Force 2017 (old JP sales),X360,2006,Shooter,D3Publisher,0,0,0.02,0,0.02
1174,"Sharin no Kuni, Himawari no Shoujo",X360,2010,Adventure,5pb,0,0,0.02,0,0.02
1175,Winter Sports 3: The Great Tournament,X360,2010,Sports,Tradewest,0,0.01,0,0,0.02
1176,Football Manager 2007,X360,N/A,Sports,Sega,0,0.01,0,0,0.02
1177,Tom Clancy's Ghost Recon Advanced Warfighter (weekly JP sales),X360,2006,Shooter,Ubisoft,0,0,0.01,0,0.01
1178,Instant Brain,X360,2011,Adventure,Cave,0,0,0.01,0,0.01
1179,Super Robot Taisen XO,X360,2006,Strategy,Banpresto,0,0,0.01,0,0.01
1180,Banjo-Kazooie,X360,2008,Platform,Microsoft Game Studios,0,0.01,0,0,0.01
1181,Konami Classics Vol. 2,X360,2009,Misc,Konami Digital Entertainment,0.01,0,0,0,0.01
1182,DoDonPachi Saidaioujou,X360,2013,Shooter,Cave,0,0,0.01,0,0.01
1183,Young Justice: Legacy,X360,2013,Adventure,Namco Bandai Games,0,0.01,0,0,0.01
1184,Entaku no Seito: Students of Round,X360,2011,Role-Playing,ChunSoft,0,0,0.01,0,0.01
1185,AKB1/48: Idol to Guam de Koishitara...,X360,N/A,Misc,N/A,0,0,0.01,0,0.01
1186,Caladrius,X360,2013,Shooter,Moss,0,0,0.01,0,0.01
1187,The Wolf Among Us,X360,2011,Adventure,Telltale Games,0,0.01,0,0,0.01
1188,MX vs. ATV Supercross,X360,2014,Racing,Nordic Games,0.01,0,0,0,0.01
1189,Cabela's Big Game Hunter: Pro Hunts,X360,2014,Shooter,Activision,0.01,0,0,0,0.01
1190,No Fate! Only the Power of Will,X360,2010,Adventure,Alchemist,0,0,0.01,0,0.01
1191,Mamoru-kun wa Norowarete Shimatta!,X360,2009,Shooter,G.Rev,0,0,0.01,0,0.01
1192,Root Double: Before Crime After Days,X360,2012,Action,Yeti,0,0,0.01,0,0.01
1193,Cross Edge Dash,X360,2009,Role-Playing,Compile Heart,0,0,0.01,0,0.01
1194,John Daly's ProStroke Golf,X360,2010,Sports,O-Games,0.01,0,0,0,0.01
1195,Time Leap,X360,2009,Adventure,Prototype,0,0,0.01,0,0.01
1196,The Godfather (JP sales),X360,2006,Action,Electronic Arts,0,0,0.01,0,0.01
1197,Shin Sangoku Musou 4 Special,X360,2005,Action,Tecmo Koei,0,0,0.01,0,0.01
1198,Bullet Soul: Tama Tamashii,X360,2011,Shooter,5pb,0,0,0.01,0,0.01
1199,Bound By Flame,X360,2014,Action,N/A,0,0.01,0,0,0.01
1200,DoDonPachi Daifukkatsu: Black Label,X360,2011,Shooter,Cave,0,0,0.01,0,0.01
1201,Superstars V8 Next Challenge,X360,2010,Racing,Black Bean Games,0,0.01,0,0,0.01
1202,Metal Gear Solid HD Edition,X360,2011,Action,Konami Digital Entertainment,0,0,0.01,0,0.01
1203,Teenage Mutant Ninja Turtles: Out of the Shadows,X360,2013,Action,Activision,0,0.01,0,0,0.01
1204,World Snooker Championship 2007,X360,2007,Sports,Sega,0,0.01,0,0,0.01
